login_timestamp,username,ip_address,login_status,user_agent,geo_location
2025-06-18T11:56:20,mwilliams,249.119.106.89,Success,Mozilla/5.0 (Linux; Android),"São Paulo, Brazil"
2025-06-03T17:27:17,admin,210.158.145.118,Failure,Chrome/91.0.4472.124 (Macintosh),"Toronto, Canada"
2025-06-20T02:59:03,jdoe,123.10.107.82,Failure,Mozilla/5.0 (Linux; Android),"Toronto, Canada"
2025-06-13T10:04:21,cgreen,61.98.84.231,Failure,Mozilla/5.0 (Linux; Android),"Cape Town, South Africa"
2025-06-21T10:57:29,jdoe,50.160.247.220,Failure,Chrome/91.0.4472.124 (Macintosh),"San Francisco, USA"
2025-06-06T12:53:18,jdoe,110.71.24.123,Success,Mozilla/5.0 (Windows NT 10.0; Win64; x64),"Toronto, Canada"
2025-06-07T15:22:22,jdoe,84.235.187.39,Failure,Mozilla/5.0 (Linux; Android),"New York, USA"
2025-06-16T19:08:18,admin,68.67.248.6,Success,Edge/18.18362,"Mumbai, India"
2025-06-22T09:33:47,kblack,216.5.77.174,Success,Edge/18.18362,"Mumbai, India"
2025-06-15T04:10:51,bjones,253.234.129.15,Failure,Edge/18.18362,"São Paulo, Brazil"
2025-06-22T15:03:22,rjohnson,10.198.107.218,Success,Chrome/91.0.4472.124 (Macintosh),"Sydney, Australia"
2025-06-01T02:40:03,cgreen,183.210.144.175,Failure,Mozilla/5.0 (Linux; Android),"Cape Town, South Africa"
2025-06-17T20:22:05,cgreen,155.248.58.181,Success,Chrome/91.0.4472.124 (Macintosh),"New York, USA"
2025-06-17T21:24:58,jdoe,214.29.56.150,Success,Safari/604.1 (iPhone),"Berlin, Germany"
2025-06-06T10:32:40,ewhite,68.3.192.59,Success,Mozilla/5.0 (Windows NT 10.0; Win64; x64),"Sydney, Australia"
2025-06-10T10:09:26,bjones,238.208.191.161,Success,Mozilla/5.0 (Linux; Android),"Cape Town, South Africa"
2025-06-19T21:43:55,cgreen,137.94.77.149,Failure,Edge/18.18362,"Cape Town, South Africa"
2025-06-13T00:46:43,ewhite,201.124.98.241,Failure,Safari/604.1 (iPhone),"Cape Town, South Africa"
2025-06-15T19:57:27,kblack,229.50.64.151,Failure,Edge/18.18362,"Sydney, Australia"
2025-06-08T17:51:26,kblack,210.115.72.6,Failure,Mozilla/5.0 (Linux; Android),"Toronto, Canada"
2025-06-06T05:16:24,bjones,221.87.87.7,Failure,Safari/604.1 (iPhone),"Cape Town, South Africa"
2025-06-05T15:06:16,mwilliams,31.194.196.203,Success,Mozilla/5.0 (Linux; Android),"London, UK"
2025-06-21T09:06:52,jdoe,230.171.121.137,Failure,Safari/604.1 (iPhone),"Toronto, Canada"
2025-06-10T08:04:11,mwilliams,182.25.85.128,Success,Edge/18.18362,"New York, USA"
2025-06-03T10:30:50,lthomas,123.40.102.246,Success,Mozilla/5.0 (Windows NT 10.0; Win64; x64),"Cape Town, South Africa"
2025-06-17T01:34:30,lthomas,144.23.184.111,Failure,Edge/18.18362,"Cape Town, South Africa"
2025-06-05T08:04:21,ewhite,64.213.61.151,Failure,Safari/604.1 (iPhone),"Cape Town, South Africa"
2025-06-10T22:57:07,admin,45.118.159.180,Failure,Mozilla/5.0 (Windows NT 10.0; Win64; x64),"Cape Town, South Africa"
2025-06-10T19:24:41,cgreen,17.222.223.252,Success,Edge/18.18362,"São Paulo, Brazil"
2025-06-12T07:43:39,ewhite,186.40.104.175,Success,Safari/604.1 (iPhone),"São Paulo, Brazil"
2025-06-13T20:15:36,lthomas,219.159.80.215,Failure,Safari/604.1 (iPhone),"Sydney, Australia"
2025-06-05T05:57:47,jdoe,91.162.11.131,Success,Safari/604.1 (iPhone),"Sydney, Australia"
2025-06-22T19:15:17,rjohnson,155.167.231.2,Success,Mozilla/5.0 (Linux; Android),"New York, USA"
2025-06-18T07:15:36,lthomas,115.203.51.201,Failure,Chrome/91.0.4472.124 (Macintosh),"Toronto, Canada"
2025-06-05T18:07:56,mwilliams,5.221.79.98,Failure,Chrome/91.0.4472.124 (Macintosh),"New York, USA"
2025-06-17T11:30:55,admin,157.181.1.10,Success,Edge/18.18362,"Berlin, Germany"
2025-06-05T02:43:11,admin,231.132.244.100,Failure,Safari/604.1 (iPhone),"San Francisco, USA"
2025-06-14T01:24:04,rjohnson,116.87.242.28,Failure,Mozilla/5.0 (Linux; Android),"New York, USA"
2025-06-01T11:49:50,admin,238.94.212.210,Failure,Mozilla/5.0 (Windows NT 10.0; Win64; x64),"Sydney, Australia"
2025-06-14T22:14:47,jdoe,36.91.175.42,Failure,Chrome/91.0.4472.124 (Macintosh),"New York, USA"
2025-06-13T00:17:59,lthomas,202.17.199.115,Failure,Safari/604.1 (iPhone),"Tokyo, Japan"
2025-06-19T17:13:11,ewhite,139.217.33.108,Success,Mozilla/5.0 (Windows NT 10.0; Win64; x64),"Sydney, Australia"
2025-06-18T23:57:16,asmith,58.19.157.144,Failure,Edge/18.18362,"São Paulo, Brazil"
2025-06-22T02:31:39,lthomas,15.66.139.135,Success,Safari/604.1 (iPhone),"Sydney, Australia"
2025-06-20T09:42:17,jdoe,82.144.225.6,Success,Safari/604.1 (iPhone),"London, UK"
2025-06-03T12:39:27,rjohnson,223.211.248.181,Failure,Mozilla/5.0 (Linux; Android),"Berlin, Germany"
2025-06-12T08:50:11,kblack,151.172.194.214,Success,Safari/604.1 (iPhone),"Toronto, Canada"
2025-06-18T15:10:47,cgreen,110.0.166.22,Success,Safari/604.1 (iPhone),"London, UK"
2025-06-01T18:28:38,mwilliams,210.233.58.104,Success,Mozilla/5.0 (Windows NT 10.0; Win64; x64),"Cape Town, South Africa"
2025-06-10T15:47:51,cgreen,235.3.36.89,Failure,Edge/18.18362,"Tokyo, Japan"
2025-06-16T22:38:47,ewhite,117.118.251.145,Failure,Mozilla/5.0 (Windows NT 10.0; Win64; x64),"Mumbai, India"
2025-06-08T20:02:02,asmith,26.217.204.86,Failure,Mozilla/5.0 (Linux; Android),"San Francisco, USA"
2025-06-05T10:22:35,jdoe,86.11.116.57,Success,Mozilla/5.0 (Linux; Android),"New York, USA"
2025-06-18T18:57:00,bjones,118.158.123.231,Failure,Mozilla/5.0 (Linux; Android),"Sydney, Australia"
2025-06-05T14:03:29,bjones,130.68.66.206,Success,Mozilla/5.0 (Windows NT 10.0; Win64; x64),"Sydney, Australia"
2025-06-01T21:00:41,asmith,119.218.28.47,Failure,Safari/604.1 (iPhone),"Sydney, Australia"
2025-06-02T07:35:39,ewhite,155.206.200.87,Success,Chrome/91.0.4472.124 (Macintosh),"Cape Town, South Africa"
2025-06-09T10:48:57,bjones,144.178.73.241,Failure,Edge/18.18362,"London, UK"
2025-06-03T17:14:46,jdoe,127.164.239.139,Failure,Mozilla/5.0 (Windows NT 10.0; Win64; x64),"London, UK"
2025-06-21T03:58:15,lthomas,65.16.228.111,Failure,Chrome/91.0.4472.124 (Macintosh),"Tokyo, Japan"
2025-06-18T22:31:59,mwilliams,133.220.10.86,Failure,Mozilla/5.0 (Windows NT 10.0; Win64; x64),"Mumbai, India"
2025-06-22T01:19:08,ewhite,81.102.109.227,Failure,Mozilla/5.0 (Linux; Android),"Berlin, Germany"
2025-06-12T02:16:35,jdoe,147.151.210.190,Success,Mozilla/5.0 (Windows NT 10.0; Win64; x64),"Sydney, Australia"
2025-06-06T23:56:32,asmith,104.106.189.202,Failure,Mozilla/5.0 (Windows NT 10.0; Win64; x64),"Sydney, Australia"
2025-06-18T09:13:04,cgreen,18.163.112.176,Failure,Mozilla/5.0 (Linux; Android),"San Francisco, USA"
2025-06-07T15:14:47,cgreen,210.99.102.250,Failure,Safari/604.1 (iPhone),"Cape Town, South Africa"
2025-06-18T05:38:45,lthomas,93.202.220.194,Success,Chrome/91.0.4472.124 (Macintosh),"Berlin, Germany"
2025-06-22T05:18:46,cgreen,15.232.182.5,Failure,Chrome/91.0.4472.124 (Macintosh),"San Francisco, USA"
2025-06-08T05:48:50,ewhite,139.206.125.196,Failure,Edge/18.18362,"Mumbai, India"
2025-06-07T18:42:55,jdoe,229.38.118.88,Failure,Safari/604.1 (iPhone),"London, UK"
2025-06-17T12:18:40,ewhite,210.230.108.27,Failure,Mozilla/5.0 (Windows NT 10.0; Win64; x64),"Tokyo, Japan"
2025-06-09T02:42:40,lthomas,229.228.61.195,Success,Chrome/91.0.4472.124 (Macintosh),"New York, USA"
2025-06-08T11:54:03,admin,121.245.51.94,Success,Chrome/91.0.4472.124 (Macintosh),"London, UK"
2025-06-15T14:55:32,asmith,75.250.80.247,Failure,Mozilla/5.0 (Windows NT 10.0; Win64; x64),"San Francisco, USA"
2025-06-01T21:44:40,jdoe,253.119.234.19,Success,Safari/604.1 (iPhone),"Mumbai, India"
2025-06-03T19:13:40,ewhite,25.228.60.13,Failure,Edge/18.18362,"Tokyo, Japan"
2025-06-08T03:06:40,kblack,75.179.82.103,Failure,Safari/604.1 (iPhone),"Cape Town, South Africa"
2025-06-18T06:34:07,jdoe,125.220.138.201,Success,Mozilla/5.0 (Windows NT 10.0; Win64; x64),"São Paulo, Brazil"
2025-06-04T20:38:54,asmith,112.4.160.6,Success,Mozilla/5.0 (Windows NT 10.0; Win64; x64),"Tokyo, Japan"
2025-06-01T05:19:45,bjones,71.103.204.223,Success,Mozilla/5.0 (Windows NT 10.0; Win64; x64),"London, UK"
2025-06-07T07:56:54,rjohnson,41.140.7.202,Success,Chrome/91.0.4472.124 (Macintosh),"Cape Town, South Africa"
2025-06-03T10:29:59,jdoe,116.227.56.158,Failure,Mozilla/5.0 (Linux; Android),"São Paulo, Brazil"
2025-06-08T23:33:47,ewhite,170.133.63.178,Success,Chrome/91.0.4472.124 (Macintosh),"Tokyo, Japan"
2025-06-04T02:46:09,admin,84.192.6.247,Success,Mozilla/5.0 (Windows NT 10.0; Win64; x64),"New York, USA"
2025-06-08T04:44:01,lthomas,144.94.94.94,Failure,Mozilla/5.0 (Linux; Android),"New York, USA"
2025-06-01T06:44:52,ewhite,88.13.84.225,Success,Edge/18.18362,"São Paulo, Brazil"
2025-06-10T22:30:05,asmith,212.131.214.118,Failure,Mozilla/5.0 (Linux; Android),"London, UK"
2025-06-05T10:25:29,bjones,147.148.18.203,Success,Mozilla/5.0 (Linux; Android),"Mumbai, India"
2025-06-16T11:35:19,ewhite,111.205.216.25,Failure,Mozilla/5.0 (Windows NT 10.0; Win64; x64),"Sydney, Australia"
2025-06-12T20:51:41,bjones,103.231.220.174,Success,Safari/604.1 (iPhone),"Sydney, Australia"
2025-06-01T15:39:21,admin,220.12.79.108,Failure,Safari/604.1 (iPhone),"Mumbai, India"
2025-06-12T04:04:29,ewhite,113.56.201.212,Failure,Safari/604.1 (iPhone),"Mumbai, India"
2025-06-06T08:15:36,cgreen,124.48.100.16,Failure,Chrome/91.0.4472.124 (Macintosh),"Berlin, Germany"
2025-06-05T11:55:22,lthomas,255.11.214.208,Failure,Chrome/91.0.4472.124 (Macintosh),"San Francisco, USA"
2025-06-22T00:07:51,cgreen,71.234.61.68,Success,Edge/18.18362,"London, UK"
2025-06-06T21:25:47,lthomas,178.195.203.238,Failure,Edge/18.18362,"Mumbai, India"
2025-06-01T03:11:18,ewhite,59.239.11.129,Failure,Edge/18.18362,"Toronto, Canada"
2025-06-13T17:18:16,mwilliams,34.225.204.78,Failure,Safari/604.1 (iPhone),"New York, USA"
2025-06-11T15:11:54,bjones,108.50.168.76,Success,Mozilla/5.0 (Windows NT 10.0; Win64; x64),"São Paulo, Brazil"
2025-06-19T16:42:27,mwilliams,92.86.5.120,Failure,Safari/604.1 (iPhone),"London, UK"
2025-06-21T21:51:00,rjohnson,73.238.123.197,Success,Edge/18.18362,"Berlin, Germany"
2025-06-09T16:44:12,bjones,139.217.129.238,Success,Chrome/91.0.4472.124 (Macintosh),"Sydney, Australia"
2025-06-09T02:34:58,jdoe,6.93.158.142,Success,Chrome/91.0.4472.124 (Macintosh),"Tokyo, Japan"
2025-06-13T11:17:38,jdoe,156.247.135.165,Failure,Edge/18.18362,"Sydney, Australia"
2025-06-20T15:37:45,ewhite,253.209.115.203,Failure,Edge/18.18362,"New York, USA"
2025-06-17T06:13:52,mwilliams,163.51.185.159,Failure,Mozilla/5.0 (Windows NT 10.0; Win64; x64),"Berlin, Germany"
2025-06-14T09:58:14,cgreen,221.5.218.239,Success,Safari/604.1 (iPhone),"San Francisco, USA"
2025-06-11T02:20:15,rjohnson,208.17.63.76,Failure,Edge/18.18362,"San Francisco, USA"
2025-06-06T22:02:12,bjones,232.184.119.78,Success,Edge/18.18362,"London, UK"
2025-06-05T23:16:55,cgreen,69.57.129.230,Failure,Safari/604.1 (iPhone),"Toronto, Canada"
2025-06-12T03:51:29,mwilliams,102.88.22.168,Failure,Edge/18.18362,"São Paulo, Brazil"
2025-06-07T11:43:42,rjohnson,61.124.179.66,Failure,Mozilla/5.0 (Windows NT 10.0; Win64; x64),"London, UK"
2025-06-21T22:51:52,rjohnson,202.88.147.126,Failure,Edge/18.18362,"San Francisco, USA"
2025-06-08T12:42:09,admin,23.212.234.34,Success,Safari/604.1 (iPhone),"Tokyo, Japan"
2025-06-02T06:08:20,admin,232.37.156.102,Success,Mozilla/5.0 (Linux; Android),"San Francisco, USA"
2025-06-22T04:29:00,admin,10.68.232.47,Success,Edge/18.18362,"London, UK"
2025-06-11T05:59:58,kblack,111.237.16.238,Failure,Chrome/91.0.4472.124 (Macintosh),"San Francisco, USA"
2025-06-20T03:47:46,cgreen,40.118.234.208,Failure,Safari/604.1 (iPhone),"Cape Town, South Africa"
2025-06-11T19:16:31,bjones,235.56.192.127,Success,Safari/604.1 (iPhone),"São Paulo, Brazil"
2025-06-04T19:06:46,admin,233.61.48.37,Failure,Safari/604.1 (iPhone),"Berlin, Germany"
2025-06-08T01:51:10,lthomas,18.203.168.111,Failure,Chrome/91.0.4472.124 (Macintosh),"Berlin, Germany"
2025-06-16T07:46:08,kblack,56.37.210.118,Success,Safari/604.1 (iPhone),"Toronto, Canada"
2025-06-01T06:19:07,ewhite,190.246.237.32,Failure,Safari/604.1 (iPhone),"Sydney, Australia"
2025-06-02T17:01:08,jdoe,209.55.178.46,Success,Edge/18.18362,"Tokyo, Japan"
2025-06-16T06:17:36,admin,157.89.178.14,Failure,Chrome/91.0.4472.124 (Macintosh),"Sydney, Australia"
2025-06-20T20:21:15,jdoe,251.53.66.244,Success,Safari/604.1 (iPhone),"Berlin, Germany"
2025-06-13T14:54:17,cgreen,163.116.248.171,Success,Safari/604.1 (iPhone),"Tokyo, Japan"
2025-06-18T08:46:33,cgreen,104.101.132.223,Failure,Safari/604.1 (iPhone),"Sydney, Australia"
2025-06-04T07:49:57,mwilliams,142.246.55.210,Success,Chrome/91.0.4472.124 (Macintosh),"New York, USA"
2025-06-20T01:10:08,admin,217.47.194.191,Success,Chrome/91.0.4472.124 (Macintosh),"São Paulo, Brazil"
2025-06-21T01:23:23,cgreen,215.89.141.229,Failure,Mozilla/5.0 (Windows NT 10.0; Win64; x64),"Sydney, Australia"
2025-06-06T09:35:22,kblack,248.95.145.230,Success,Edge/18.18362,"New York, USA"
2025-06-17T11:46:59,asmith,40.141.206.119,Success,Chrome/91.0.4472.124 (Macintosh),"London, UK"
2025-06-05T09:47:28,rjohnson,89.215.185.146,Failure,Mozilla/5.0 (Windows NT 10.0; Win64; x64),"Toronto, Canada"
2025-06-22T12:19:49,admin,137.51.11.77,Failure,Edge/18.18362,"Mumbai, India"
2025-06-09T21:53:25,mwilliams,251.172.95.234,Failure,Safari/604.1 (iPhone),"Toronto, Canada"
2025-06-14T08:00:46,lthomas,217.238.79.156,Failure,Mozilla/5.0 (Windows NT 10.0; Win64; x64),"São Paulo, Brazil"
2025-06-01T12:38:54,asmith,154.182.122.113,Success,Safari/604.1 (iPhone),"São Paulo, Brazil"
2025-06-18T00:17:40,lthomas,96.230.14.79,Failure,Chrome/91.0.4472.124 (Macintosh),"Mumbai, India"
2025-06-12T20:33:27,asmith,7.123.163.52,Failure,Chrome/91.0.4472.124 (Macintosh),"Cape Town, South Africa"
2025-06-21T09:34:03,admin,212.187.39.156,Failure,Chrome/91.0.4472.124 (Macintosh),"Berlin, Germany"
2025-06-07T08:24:21,mwilliams,12.65.38.106,Success,Chrome/91.0.4472.124 (Macintosh),"New York, USA"
2025-06-19T09:04:41,kblack,26.78.213.3,Success,Mozilla/5.0 (Windows NT 10.0; Win64; x64),"Sydney, Australia"
2025-06-19T20:09:03,kblack,134.76.214.79,Failure,Chrome/91.0.4472.124 (Macintosh),"Berlin, Germany"
2025-06-14T04:51:13,admin,158.233.11.167,Failure,Chrome/91.0.4472.124 (Macintosh),"Cape Town, South Africa"
2025-06-02T14:16:27,lthomas,191.148.101.65,Failure,Safari/604.1 (iPhone),"Cape Town, South Africa"
2025-06-02T18:48:09,bjones,66.118.187.21,Success,Mozilla/5.0 (Windows NT 10.0; Win64; x64),"São Paulo, Brazil"
2025-06-05T10:00:37,lthomas,4.87.72.215,Success,Mozilla/5.0 (Linux; Android),"Tokyo, Japan"
2025-06-09T10:12:13,kblack,169.193.240.196,Success,Safari/604.1 (iPhone),"Sydney, Australia"
2025-06-16T19:31:05,rjohnson,201.56.129.49,Failure,Chrome/91.0.4472.124 (Macintosh),"Sydney, Australia"
2025-06-13T11:25:26,asmith,164.237.230.212,Failure,Mozilla/5.0 (Linux; Android),"Sydney, Australia"
2025-06-12T07:59:34,cgreen,148.52.146.40,Success,Mozilla/5.0 (Windows NT 10.0; Win64; x64),"Mumbai, India"
2025-06-04T00:49:17,lthomas,118.190.173.84,Failure,Mozilla/5.0 (Windows NT 10.0; Win64; x64),"Berlin, Germany"
2025-06-12T12:08:56,cgreen,75.96.158.150,Failure,Mozilla/5.0 (Windows NT 10.0; Win64; x64),"Mumbai, India"
2025-06-19T03:17:00,cgreen,34.139.77.85,Success,Mozilla/5.0 (Windows NT 10.0; Win64; x64),"Toronto, Canada"
2025-06-13T12:07:22,mwilliams,109.151.128.34,Failure,Mozilla/5.0 (Linux; Android),"Cape Town, South Africa"
2025-06-06T20:42:36,asmith,153.167.140.110,Failure,Mozilla/5.0 (Linux; Android),"São Paulo, Brazil"
2025-06-18T22:09:25,bjones,106.42.211.81,Success,Mozilla/5.0 (Windows NT 10.0; Win64; x64),"Berlin, Germany"
2025-06-12T11:24:17,mwilliams,147.11.152.205,Failure,Mozilla/5.0 (Windows NT 10.0; Win64; x64),"San Francisco, USA"
2025-06-14T06:43:13,kblack,230.218.142.184,Failure,Safari/604.1 (iPhone),"San Francisco, USA"
2025-06-04T10:27:43,jdoe,4.250.78.87,Success,Chrome/91.0.4472.124 (Macintosh),"New York, USA"
2025-06-18T15:38:09,lthomas,131.136.38.173,Failure,Mozilla/5.0 (Linux; Android),"Toronto, Canada"
2025-06-13T11:15:06,bjones,156.93.136.96,Success,Mozilla/5.0 (Linux; Android),"Cape Town, South Africa"
2025-06-22T16:36:24,cgreen,200.213.32.59,Success,Chrome/91.0.4472.124 (Macintosh),"Sydney, Australia"
2025-06-09T13:35:16,mwilliams,166.31.80.129,Success,Mozilla/5.0 (Linux; Android),"Berlin, Germany"
2025-06-12T05:20:53,lthomas,186.63.92.190,Failure,Safari/604.1 (iPhone),"Tokyo, Japan"
2025-06-11T16:23:27,cgreen,198.0.231.202,Failure,Chrome/91.0.4472.124 (Macintosh),"Mumbai, India"
2025-06-21T12:17:12,asmith,195.137.141.131,Success,Mozilla/5.0 (Windows NT 10.0; Win64; x64),"São Paulo, Brazil"
2025-06-21T10:01:48,bjones,148.169.78.171,Success,Edge/18.18362,"Toronto, Canada"
2025-06-20T10:49:11,bjones,64.202.24.54,Failure,Chrome/91.0.4472.124 (Macintosh),"Berlin, Germany"
2025-06-06T20:46:39,mwilliams,142.217.104.163,Success,Mozilla/5.0 (Windows NT 10.0; Win64; x64),"Cape Town, South Africa"
2025-06-18T22:05:56,admin,158.171.246.41,Success,Mozilla/5.0 (Linux; Android),"Mumbai, India"
2025-06-06T09:17:51,ewhite,24.156.154.87,Failure,Mozilla/5.0 (Linux; Android),"Tokyo, Japan"
2025-06-19T06:19:16,bjones,233.30.170.164,Success,Mozilla/5.0 (Windows NT 10.0; Win64; x64),"New York, USA"
2025-06-22T01:24:57,asmith,223.69.25.216,Failure,Safari/604.1 (iPhone),"Berlin, Germany"
2025-06-17T01:11:48,ewhite,192.57.114.114,Failure,Mozilla/5.0 (Linux; Android),"Toronto, Canada"
2025-06-09T07:27:09,mwilliams,187.72.108.237,Success,Safari/604.1 (iPhone),"Tokyo, Japan"
2025-06-18T02:47:43,cgreen,4.211.182.223,Failure,Chrome/91.0.4472.124 (Macintosh),"Berlin, Germany"
2025-06-02T12:37:43,bjones,239.110.4.184,Failure,Chrome/91.0.4472.124 (Macintosh),"London, UK"
2025-06-07T20:27:36,lthomas,32.113.13.67,Failure,Safari/604.1 (iPhone),"Berlin, Germany"
2025-06-12T21:11:46,asmith,88.197.21.142,Success,Chrome/91.0.4472.124 (Macintosh),"Mumbai, India"
2025-06-13T01:36:14,ewhite,27.130.127.236,Failure,Chrome/91.0.4472.124 (Macintosh),"Sydney, Australia"
2025-06-02T01:31:45,rjohnson,102.142.37.69,Failure,Chrome/91.0.4472.124 (Macintosh),"London, UK"
2025-06-03T11:59:53,lthomas,145.180.27.43,Success,Mozilla/5.0 (Windows NT 10.0; Win64; x64),"London, UK"
2025-06-21T07:04:33,mwilliams,252.149.17.81,Success,Safari/604.1 (iPhone),"Berlin, Germany"
2025-06-12T11:57:32,kblack,193.17.37.203,Failure,Safari/604.1 (iPhone),"Cape Town, South Africa"
2025-06-13T05:56:34,ewhite,229.90.162.38,Success,Mozilla/5.0 (Linux; Android),"San Francisco, USA"
2025-06-05T06:45:20,rjohnson,124.236.70.79,Failure,Mozilla/5.0 (Windows NT 10.0; Win64; x64),"London, UK"
2025-06-01T07:38:07,cgreen,28.233.6.179,Failure,Safari/604.1 (iPhone),"Berlin, Germany"
2025-06-20T06:14:04,bjones,233.174.15.95,Failure,Chrome/91.0.4472.124 (Macintosh),"Toronto, Canada"
2025-06-11T12:59:35,admin,148.241.132.183,Failure,Edge/18.18362,"Sydney, Australia"
2025-06-09T13:46:29,rjohnson,103.85.190.21,Success,Edge/18.18362,"New York, USA"
2025-06-03T00:16:51,lthomas,137.105.67.14,Failure,Chrome/91.0.4472.124 (Macintosh),"Sydney, Australia"
2025-06-22T14:49:14,bjones,224.75.184.199,Failure,Chrome/91.0.4472.124 (Macintosh),"London, UK"
2025-06-16T20:36:00,kblack,45.235.208.69,Failure,Chrome/91.0.4472.124 (Macintosh),"Sydney, Australia"
2025-06-03T07:35:14,bjones,155.19.99.86,Failure,Chrome/91.0.4472.124 (Macintosh),"San Francisco, USA"
2025-06-11T21:02:24,lthomas,132.222.13.84,Failure,Mozilla/5.0 (Windows NT 10.0; Win64; x64),"Toronto, Canada"
2025-06-07T20:38:20,ewhite,108.249.15.12,Failure,Mozilla/5.0 (Linux; Android),"Sydney, Australia"
2025-06-06T02:14:41,mwilliams,134.169.139.99,Failure,Chrome/91.0.4472.124 (Macintosh),"Tokyo, Japan"
2025-06-04T20:46:08,jdoe,177.87.24.146,Failure,Edge/18.18362,"Tokyo, Japan"
2025-06-01T09:17:32,mwilliams,26.230.250.19,Failure,Mozilla/5.0 (Linux; Android),"New York, USA"
2025-06-03T23:03:51,lthomas,58.156.67.185,Failure,Edge/18.18362,"Tokyo, Japan"
2025-06-20T06:09:34,mwilliams,101.73.220.205,Failure,Chrome/91.0.4472.124 (Macintosh),"San Francisco, USA"
2025-06-14T20:22:48,ewhite,55.115.112.194,Failure,Safari/604.1 (iPhone),"Sydney, Australia"
2025-06-01T00:34:03,kblack,173.51.127.218,Failure,Edge/18.18362,"San Francisco, USA"
2025-06-11T11:04:15,admin,82.213.93.114,Success,Safari/604.1 (iPhone),"New York, USA"
2025-06-08T05:46:32,asmith,151.112.197.227,Failure,Edge/18.18362,"Mumbai, India"
2025-06-16T11:25:46,ewhite,156.119.70.158,Failure,Chrome/91.0.4472.124 (Macintosh),"Tokyo, Japan"
2025-06-22T10:42:12,ewhite,67.8.183.94,Success,Chrome/91.0.4472.124 (Macintosh),"Toronto, Canada"
2025-06-16T17:11:12,ewhite,160.88.11.171,Success,Chrome/91.0.4472.124 (Macintosh),"Sydney, Australia"
2025-06-18T19:41:25,bjones,35.201.112.147,Success,Mozilla/5.0 (Windows NT 10.0; Win64; x64),"Cape Town, South Africa"
2025-06-20T22:39:24,kblack,239.132.96.18,Success,Chrome/91.0.4472.124 (Macintosh),"Berlin, Germany"
2025-06-11T11:26:18,kblack,212.22.92.248,Failure,Edge/18.18362,"San Francisco, USA"
2025-06-16T12:24:33,mwilliams,107.37.122.31,Failure,Safari/604.1 (iPhone),"London, UK"
2025-06-12T14:28:09,kblack,232.56.186.70,Success,Chrome/91.0.4472.124 (Macintosh),"Tokyo, Japan"
2025-06-18T12:00:41,bjones,204.99.86.164,Success,Edge/18.18362,"London, UK"
2025-06-04T15:13:18,admin,146.76.101.253,Success,Safari/604.1 (iPhone),"San Francisco, USA"
2025-06-21T02:51:46,asmith,142.20.77.62,Failure,Edge/18.18362,"Mumbai, India"
2025-06-18T16:12:20,jdoe,171.111.242.118,Failure,Safari/604.1 (iPhone),"Toronto, Canada"
2025-06-16T19:04:30,rjohnson,63.120.244.107,Success,Mozilla/5.0 (Linux; Android),"Sydney, Australia"
2025-06-20T19:25:58,asmith,197.65.213.102,Failure,Safari/604.1 (iPhone),"Toronto, Canada"
2025-06-21T12:26:06,asmith,62.253.230.187,Success,Mozilla/5.0 (Windows NT 10.0; Win64; x64),"Mumbai, India"
2025-06-13T13:28:39,ewhite,52.114.187.17,Success,Mozilla/5.0 (Linux; Android),"Cape Town, South Africa"
2025-06-21T10:23:41,admin,71.219.189.139,Success,Chrome/91.0.4472.124 (Macintosh),"Sydney, Australia"
2025-06-03T10:24:16,mwilliams,41.214.229.224,Success,Safari/604.1 (iPhone),"São Paulo, Brazil"
2025-06-07T17:15:34,mwilliams,68.100.109.118,Failure,Mozilla/5.0 (Windows NT 10.0; Win64; x64),"Mumbai, India"
2025-06-09T14:05:53,cgreen,203.76.164.178,Success,Chrome/91.0.4472.124 (Macintosh),"Tokyo, Japan"
2025-06-05T15:30:45,cgreen,231.252.189.71,Failure,Mozilla/5.0 (Linux; Android),"San Francisco, USA"
2025-06-09T23:14:36,rjohnson,205.191.209.252,Failure,Safari/604.1 (iPhone),"Berlin, Germany"
2025-06-10T10:30:23,asmith,213.107.226.191,Success,Safari/604.1 (iPhone),"San Francisco, USA"
2025-06-18T10:22:58,mwilliams,12.12.206.182,Failure,Edge/18.18362,"Mumbai, India"
2025-06-03T14:43:40,admin,77.0.251.160,Success,Mozilla/5.0 (Linux; Android),"London, UK"
2025-06-21T05:39:32,cgreen,65.96.8.125,Failure,Edge/18.18362,"São Paulo, Brazil"
2025-06-05T20:49:48,mwilliams,220.122.61.243,Failure,Safari/604.1 (iPhone),"London, UK"
2025-06-08T11:36:29,ewhite,77.220.117.58,Failure,Chrome/91.0.4472.124 (Macintosh),"Tokyo, Japan"
2025-06-10T11:08:02,jdoe,64.76.202.144,Success,Chrome/91.0.4472.124 (Macintosh),"Cape Town, South Africa"
2025-06-04T06:49:00,ewhite,167.99.138.4,Success,Mozilla/5.0 (Linux; Android),"Cape Town, South Africa"
2025-06-20T02:02:13,lthomas,29.14.7.5,Failure,Mozilla/5.0 (Linux; Android),"São Paulo, Brazil"
2025-06-03T12:31:47,asmith,197.149.52.238,Failure,Safari/604.1 (iPhone),"Cape Town, South Africa"
2025-06-03T08:34:06,cgreen,100.138.109.118,Failure,Safari/604.1 (iPhone),"Cape Town, South Africa"
2025-06-17T00:16:02,jdoe,44.82.134.11,Failure,Mozilla/5.0 (Windows NT 10.0; Win64; x64),"Mumbai, India"
2025-06-13T00:30:01,kblack,13.219.4.33,Success,Chrome/91.0.4472.124 (Macintosh),"New York, USA"
2025-06-12T00:57:48,admin,182.136.23.51,Failure,Safari/604.1 (iPhone),"Tokyo, Japan"
2025-06-08T18:42:18,lthomas,224.14.95.142,Failure,Mozilla/5.0 (Linux; Android),"New York, USA"
2025-06-01T02:29:37,bjones,192.140.233.15,Success,Mozilla/5.0 (Windows NT 10.0; Win64; x64),"Sydney, Australia"
2025-06-15T07:32:10,jdoe,58.131.68.227,Failure,Chrome/91.0.4472.124 (Macintosh),"London, UK"
2025-06-13T11:59:40,asmith,210.255.62.82,Failure,Mozilla/5.0 (Linux; Android),"São Paulo, Brazil"
2025-06-20T18:55:03,admin,244.203.24.59,Success,Mozilla/5.0 (Linux; Android),"San Francisco, USA"
2025-06-10T12:59:31,kblack,0.151.104.180,Failure,Mozilla/5.0 (Linux; Android),"Mumbai, India"
2025-06-06T00:46:26,bjones,5.45.150.40,Success,Mozilla/5.0 (Windows NT 10.0; Win64; x64),"Berlin, Germany"
2025-06-16T18:37:50,bjones,120.6.37.64,Failure,Mozilla/5.0 (Windows NT 10.0; Win64; x64),"Mumbai, India"
2025-06-06T19:01:10,bjones,87.75.160.117,Failure,Mozilla/5.0 (Linux; Android),"São Paulo, Brazil"
2025-06-12T10:59:20,kblack,195.26.160.204,Failure,Mozilla/5.0 (Windows NT 10.0; Win64; x64),"Sydney, Australia"
2025-06-17T23:55:11,cgreen,2.203.173.158,Success,Mozilla/5.0 (Windows NT 10.0; Win64; x64),"Berlin, Germany"
2025-06-06T01:10:44,ewhite,22.97.0.184,Failure,Safari/604.1 (iPhone),"Berlin, Germany"
2025-06-20T10:29:03,ewhite,221.199.50.108,Success,Edge/18.18362,"San Francisco, USA"
2025-06-01T22:43:36,jdoe,76.145.93.156,Failure,Mozilla/5.0 (Linux; Android),"Sydney, Australia"
2025-06-13T17:26:40,jdoe,209.244.240.208,Success,Mozilla/5.0 (Linux; Android),"New York, USA"
2025-06-12T19:29:44,lthomas,224.242.68.53,Failure,Mozilla/5.0 (Windows NT 10.0; Win64; x64),"Berlin, Germany"
2025-06-08T02:59:23,jdoe,133.12.88.10,Success,Safari/604.1 (iPhone),"Toronto, Canada"
2025-06-20T02:35:09,admin,232.168.157.106,Failure,Edge/18.18362,"Mumbai, India"
2025-06-03T08:44:50,lthomas,110.0.114.49,Success,Mozilla/5.0 (Linux; Android),"Toronto, Canada"
2025-06-09T09:12:01,kblack,0.208.206.246,Failure,Chrome/91.0.4472.124 (Macintosh),"New York, USA"
2025-06-16T11:39:01,admin,167.21.165.72,Success,Safari/604.1 (iPhone),"Cape Town, South Africa"
2025-06-12T14:20:27,jdoe,224.238.54.71,Success,Chrome/91.0.4472.124 (Macintosh),"Sydney, Australia"
2025-06-16T10:53:22,jdoe,22.209.168.63,Success,Mozilla/5.0 (Linux; Android),"Mumbai, India"
2025-06-11T09:50:34,lthomas,175.164.230.103,Success,Mozilla/5.0 (Windows NT 10.0; Win64; x64),"Tokyo, Japan"
2025-06-10T21:42:27,bjones,4.242.68.177,Failure,Chrome/91.0.4472.124 (Macintosh),"New York, USA"
2025-06-17T14:48:57,rjohnson,172.159.34.249,Failure,Mozilla/5.0 (Windows NT 10.0; Win64; x64),"Berlin, Germany"
2025-06-11T09:07:10,bjones,197.126.158.188,Success,Chrome/91.0.4472.124 (Macintosh),"New York, USA"
2025-06-12T08:39:35,bjones,208.235.234.83,Failure,Edge/18.18362,"Mumbai, India"
2025-06-10T00:42:19,admin,36.25.188.40,Failure,Chrome/91.0.4472.124 (Macintosh),"London, UK"
2025-06-02T06:27:10,jdoe,81.58.128.211,Success,Chrome/91.0.4472.124 (Macintosh),"São Paulo, Brazil"
2025-06-06T15:53:36,admin,214.163.7.208,Success,Mozilla/5.0 (Windows NT 10.0; Win64; x64),"Toronto, Canada"
2025-06-03T15:53:44,jdoe,79.218.206.58,Failure,Safari/604.1 (iPhone),"New York, USA"
2025-06-05T02:38:49,asmith,187.40.164.192,Success,Safari/604.1 (iPhone),"Sydney, Australia"
2025-06-06T21:55:12,lthomas,213.234.75.87,Success,Mozilla/5.0 (Windows NT 10.0; Win64; x64),"Tokyo, Japan"
2025-06-02T10:21:27,lthomas,88.120.101.122,Success,Safari/604.1 (iPhone),"New York, USA"
2025-06-02T08:15:56,mwilliams,165.74.142.57,Success,Mozilla/5.0 (Linux; Android),"Sydney, Australia"
2025-06-06T00:16:31,kblack,234.132.252.20,Failure,Safari/604.1 (iPhone),"Tokyo, Japan"
2025-06-08T23:56:49,asmith,74.26.191.61,Failure,Mozilla/5.0 (Windows NT 10.0; Win64; x64),"Cape Town, South Africa"
2025-06-04T03:59:35,kblack,95.128.94.49,Success,Edge/18.18362,"Mumbai, India"
2025-06-10T14:40:50,kblack,61.54.47.95,Failure,Chrome/91.0.4472.124 (Macintosh),"Sydney, Australia"
2025-06-03T13:55:55,jdoe,44.123.235.104,Success,Chrome/91.0.4472.124 (Macintosh),"Sydney, Australia"
2025-06-11T10:19:13,jdoe,13.105.253.31,Success,Mozilla/5.0 (Windows NT 10.0; Win64; x64),"São Paulo, Brazil"
2025-06-02T03:57:45,jdoe,225.143.241.28,Failure,Safari/604.1 (iPhone),"São Paulo, Brazil"
2025-06-07T05:36:21,jdoe,106.170.226.17,Failure,Mozilla/5.0 (Windows NT 10.0; Win64; x64),"Sydney, Australia"
2025-06-22T03:02:26,rjohnson,0.158.158.23,Failure,Edge/18.18362,"San Francisco, USA"
2025-06-11T19:33:41,cgreen,162.45.226.204,Success,Safari/604.1 (iPhone),"São Paulo, Brazil"
2025-06-12T03:13:49,lthomas,180.158.4.39,Failure,Edge/18.18362,"Sydney, Australia"
2025-06-08T02:10:44,bjones,0.194.64.30,Failure,Chrome/91.0.4472.124 (Macintosh),"Mumbai, India"
2025-06-10T03:53:53,rjohnson,92.24.43.16,Failure,Chrome/91.0.4472.124 (Macintosh),"São Paulo, Brazil"
2025-06-20T13:55:08,lthomas,218.40.212.162,Success,Safari/604.1 (iPhone),"Sydney, Australia"
2025-06-12T04:43:14,ewhite,120.233.47.197,Failure,Mozilla/5.0 (Linux; Android),"London, UK"
2025-06-08T10:13:22,mwilliams,51.15.224.80,Failure,Mozilla/5.0 (Windows NT 10.0; Win64; x64),"Mumbai, India"
2025-06-13T11:54:43,bjones,50.249.41.81,Failure,Safari/604.1 (iPhone),"London, UK"
2025-06-22T14:30:59,kblack,50.121.165.135,Success,Chrome/91.0.4472.124 (Macintosh),"Mumbai, India"
2025-06-07T14:14:16,admin,207.56.192.255,Success,Chrome/91.0.4472.124 (Macintosh),"Mumbai, India"
2025-06-09T17:45:34,mwilliams,129.113.220.151,Failure,Safari/604.1 (iPhone),"Tokyo, Japan"
2025-06-12T03:58:47,bjones,190.95.56.254,Success,Chrome/91.0.4472.124 (Macintosh),"Cape Town, South Africa"
2025-06-09T22:06:52,admin,228.93.246.69,Failure,Chrome/91.0.4472.124 (Macintosh),"São Paulo, Brazil"
2025-06-13T23:28:13,ewhite,62.122.138.192,Failure,Chrome/91.0.4472.124 (Macintosh),"Cape Town, South Africa"
2025-06-17T02:25:33,mwilliams,157.7.213.143,Failure,Safari/604.1 (iPhone),"London, UK"
2025-06-20T23:22:47,cgreen,252.19.213.1,Success,Chrome/91.0.4472.124 (Macintosh),"Berlin, Germany"
2025-06-15T09:41:07,rjohnson,233.129.13.98,Failure,Safari/604.1 (iPhone),"Tokyo, Japan"
2025-06-10T15:09:12,mwilliams,121.29.17.210,Success,Edge/18.18362,"New York, USA"
2025-06-04T12:13:16,asmith,202.163.39.49,Success,Mozilla/5.0 (Linux; Android),"Tokyo, Japan"
2025-06-10T19:20:40,admin,120.56.106.172,Success,Chrome/91.0.4472.124 (Macintosh),"Toronto, Canada"
2025-06-20T01:01:52,lthomas,62.67.245.131,Failure,Chrome/91.0.4472.124 (Macintosh),"New York, USA"
2025-06-11T09:56:37,lthomas,101.171.242.223,Success,Edge/18.18362,"Mumbai, India"
2025-06-22T23:31:45,bjones,84.157.141.13,Success,Edge/18.18362,"São Paulo, Brazil"
2025-06-04T21:02:28,lthomas,212.47.78.162,Failure,Mozilla/5.0 (Linux; Android),"San Francisco, USA"
2025-06-01T02:14:38,cgreen,174.95.156.159,Success,Mozilla/5.0 (Windows NT 10.0; Win64; x64),"Sydney, Australia"
2025-06-20T19:03:42,kblack,215.251.132.38,Failure,Edge/18.18362,"Sydney, Australia"
2025-06-01T12:33:21,admin,227.45.219.45,Failure,Safari/604.1 (iPhone),"New York, USA"
2025-06-06T02:00:36,admin,169.210.136.23,Success,Chrome/91.0.4472.124 (Macintosh),"Tokyo, Japan"
2025-06-16T17:26:14,bjones,53.84.173.226,Failure,Safari/604.1 (iPhone),"Tokyo, Japan"
2025-06-12T11:50:50,ewhite,68.168.130.37,Success,Chrome/91.0.4472.124 (Macintosh),"Sydney, Australia"
2025-06-09T16:02:45,asmith,67.36.246.18,Success,Safari/604.1 (iPhone),"New York, USA"
2025-06-20T14:21:32,lthomas,90.122.53.194,Failure,Safari/604.1 (iPhone),"São Paulo, Brazil"
2025-06-06T02:43:00,lthomas,210.222.73.136,Success,Edge/18.18362,"Sydney, Australia"
2025-06-15T03:38:59,asmith,236.155.170.137,Success,Safari/604.1 (iPhone),"Berlin, Germany"
2025-06-13T08:59:36,jdoe,126.163.182.46,Success,Edge/18.18362,"Cape Town, South Africa"
2025-06-10T21:46:36,ewhite,172.195.97.252,Success,Chrome/91.0.4472.124 (Macintosh),"San Francisco, USA"
2025-06-15T03:05:27,jdoe,24.205.171.50,Success,Mozilla/5.0 (Linux; Android),"Toronto, Canada"
2025-06-15T16:58:32,jdoe,55.204.78.112,Success,Chrome/91.0.4472.124 (Macintosh),"Cape Town, South Africa"
2025-06-10T17:21:47,lthomas,125.215.93.164,Success,Safari/604.1 (iPhone),"Cape Town, South Africa"
2025-06-22T03:55:32,kblack,126.36.208.35,Success,Safari/604.1 (iPhone),"Mumbai, India"
2025-06-11T12:24:06,asmith,146.232.241.69,Failure,Mozilla/5.0 (Windows NT 10.0; Win64; x64),"Sydney, Australia"
2025-06-14T17:43:52,jdoe,92.63.148.38,Success,Edge/18.18362,"Mumbai, India"
2025-06-14T14:29:05,mwilliams,142.103.162.132,Failure,Mozilla/5.0 (Linux; Android),"Sydney, Australia"
2025-06-02T18:04:10,mwilliams,64.140.66.71,Success,Mozilla/5.0 (Windows NT 10.0; Win64; x64),"Tokyo, Japan"
2025-06-09T07:34:33,jdoe,121.252.147.39,Success,Mozilla/5.0 (Windows NT 10.0; Win64; x64),"Cape Town, South Africa"
2025-06-09T04:43:12,bjones,106.189.105.199,Failure,Chrome/91.0.4472.124 (Macintosh),"Mumbai, India"
2025-06-09T22:54:55,jdoe,200.179.10.235,Failure,Chrome/91.0.4472.124 (Macintosh),"London, UK"
2025-06-11T02:57:50,asmith,136.225.134.74,Failure,Chrome/91.0.4472.124 (Macintosh),"San Francisco, USA"
2025-06-22T23:51:58,asmith,19.218.13.1,Failure,Safari/604.1 (iPhone),"Cape Town, South Africa"
2025-06-14T14:09:14,admin,36.229.22.154,Success,Mozilla/5.0 (Linux; Android),"Sydney, Australia"
2025-06-12T22:54:48,rjohnson,118.217.126.120,Failure,Chrome/91.0.4472.124 (Macintosh),"San Francisco, USA"
2025-06-07T09:44:04,asmith,19.151.2.92,Failure,Safari/604.1 (iPhone),"London, UK"
2025-06-18T21:50:09,ewhite,152.248.192.110,Failure,Edge/18.18362,"New York, USA"
2025-06-17T09:22:34,ewhite,178.27.86.12,Success,Edge/18.18362,"Sydney, Australia"
2025-06-02T09:11:50,bjones,84.97.118.99,Failure,Safari/604.1 (iPhone),"San Francisco, USA"
2025-06-16T13:08:33,lthomas,120.107.156.161,Failure,Chrome/91.0.4472.124 (Macintosh),"Tokyo, Japan"
2025-06-04T02:12:16,rjohnson,253.41.47.156,Failure,Safari/604.1 (iPhone),"Tokyo, Japan"
2025-06-06T17:04:38,bjones,224.44.3.21,Failure,Edge/18.18362,"New York, USA"
2025-06-03T12:52:39,ewhite,242.233.21.57,Failure,Chrome/91.0.4472.124 (Macintosh),"São Paulo, Brazil"
2025-06-07T13:14:26,bjones,183.51.235.31,Success,Mozilla/5.0 (Windows NT 10.0; Win64; x64),"São Paulo, Brazil"
2025-06-11T11:11:32,asmith,239.10.170.122,Success,Edge/18.18362,"Mumbai, India"
2025-06-20T09:21:09,ewhite,150.149.216.102,Success,Safari/604.1 (iPhone),"Sydney, Australia"
2025-06-04T16:37:38,ewhite,55.102.121.28,Failure,Mozilla/5.0 (Windows NT 10.0; Win64; x64),"Cape Town, South Africa"
2025-06-04T05:53:59,lthomas,196.42.60.206,Failure,Safari/604.1 (iPhone),"São Paulo, Brazil"
2025-06-09T17:58:49,mwilliams,108.86.183.63,Failure,Chrome/91.0.4472.124 (Macintosh),"Cape Town, South Africa"
2025-06-19T16:49:24,cgreen,165.241.90.99,Failure,Edge/18.18362,"London, UK"
2025-06-22T18:03:19,cgreen,0.194.145.50,Success,Mozilla/5.0 (Linux; Android),"New York, USA"
2025-06-15T01:48:58,lthomas,38.154.23.0,Failure,Chrome/91.0.4472.124 (Macintosh),"Tokyo, Japan"
2025-06-16T13:19:10,admin,98.115.116.82,Failure,Mozilla/5.0 (Windows NT 10.0; Win64; x64),"New York, USA"
2025-06-08T16:41:35,jdoe,65.192.15.89,Success,Edge/18.18362,"Cape Town, South Africa"
2025-06-16T02:49:40,kblack,192.102.153.1,Success,Edge/18.18362,"New York, USA"
2025-06-03T03:47:09,lthomas,235.241.133.84,Failure,Safari/604.1 (iPhone),"London, UK"
2025-06-02T04:00:27,bjones,180.150.160.54,Success,Edge/18.18362,"São Paulo, Brazil"
2025-06-16T06:19:27,admin,143.2.251.156,Success,Chrome/91.0.4472.124 (Macintosh),"Sydney, Australia"
2025-06-11T21:25:17,asmith,122.206.245.89,Failure,Edge/18.18362,"Toronto, Canada"
2025-06-19T23:59:53,asmith,9.17.117.210,Success,Chrome/91.0.4472.124 (Macintosh),"New York, USA"
2025-06-07T14:00:04,ewhite,176.254.5.143,Failure,Safari/604.1 (iPhone),"São Paulo, Brazil"
2025-06-20T04:47:56,rjohnson,223.37.242.128,Success,Mozilla/5.0 (Windows NT 10.0; Win64; x64),"Tokyo, Japan"
2025-06-19T00:27:33,ewhite,99.75.222.253,Failure,Safari/604.1 (iPhone),"Sydney, Australia"
2025-06-06T11:39:07,ewhite,69.178.151.67,Failure,Mozilla/5.0 (Linux; Android),"London, UK"
2025-06-08T13:05:59,rjohnson,73.103.192.185,Failure,Edge/18.18362,"Cape Town, South Africa"
2025-06-12T19:01:19,lthomas,140.111.11.194,Success,Mozilla/5.0 (Linux; Android),"Berlin, Germany"
2025-06-07T18:46:19,cgreen,98.11.230.215,Success,Edge/18.18362,"Toronto, Canada"
2025-06-12T07:58:46,asmith,178.18.152.245,Success,Mozilla/5.0 (Windows NT 10.0; Win64; x64),"Tokyo, Japan"
2025-06-10T17:27:24,bjones,189.35.111.208,Success,Chrome/91.0.4472.124 (Macintosh),"São Paulo, Brazil"
2025-06-10T09:48:51,lthomas,95.102.213.91,Success,Mozilla/5.0 (Linux; Android),"Cape Town, South Africa"
2025-06-20T18:01:51,lthomas,7.214.121.103,Failure,Chrome/91.0.4472.124 (Macintosh),"London, UK"
2025-06-07T03:22:47,jdoe,47.241.154.127,Failure,Mozilla/5.0 (Linux; Android),"São Paulo, Brazil"
2025-06-07T18:26:01,cgreen,94.51.131.122,Failure,Chrome/91.0.4472.124 (Macintosh),"Berlin, Germany"
2025-06-16T21:15:38,ewhite,66.168.170.117,Failure,Edge/18.18362,"San Francisco, USA"
2025-06-22T00:04:17,cgreen,127.61.178.216,Success,Chrome/91.0.4472.124 (Macintosh),"São Paulo, Brazil"
2025-06-13T13:31:36,jdoe,107.212.125.246,Success,Mozilla/5.0 (Linux; Android),"Toronto, Canada"
2025-06-15T02:49:41,admin,122.232.238.40,Failure,Chrome/91.0.4472.124 (Macintosh),"San Francisco, USA"
2025-06-21T16:38:44,ewhite,198.177.118.251,Success,Edge/18.18362,"San Francisco, USA"
2025-06-17T00:31:38,mwilliams,135.202.179.206,Failure,Safari/604.1 (iPhone),"San Francisco, USA"
2025-06-01T09:18:32,rjohnson,89.187.175.65,Failure,Chrome/91.0.4472.124 (Macintosh),"San Francisco, USA"
2025-06-04T20:33:58,bjones,152.209.231.163,Failure,Chrome/91.0.4472.124 (Macintosh),"Mumbai, India"
2025-06-13T11:44:52,mwilliams,202.68.26.156,Failure,Mozilla/5.0 (Windows NT 10.0; Win64; x64),"New York, USA"
2025-06-07T00:25:52,admin,78.83.61.171,Success,Edge/18.18362,"London, UK"
2025-06-05T22:20:07,kblack,36.142.150.50,Failure,Chrome/91.0.4472.124 (Macintosh),"Cape Town, South Africa"
2025-06-18T14:06:37,admin,98.149.213.159,Failure,Edge/18.18362,"Mumbai, India"
2025-06-16T11:03:02,rjohnson,231.99.151.55,Success,Mozilla/5.0 (Windows NT 10.0; Win64; x64),"Mumbai, India"
2025-06-22T20:17:45,lthomas,224.60.101.218,Failure,Edge/18.18362,"San Francisco, USA"
2025-06-03T21:01:28,rjohnson,52.177.207.87,Failure,Chrome/91.0.4472.124 (Macintosh),"Mumbai, India"
2025-06-20T11:22:45,ewhite,101.117.85.67,Failure,Mozilla/5.0 (Linux; Android),"Berlin, Germany"
2025-06-19T23:10:49,rjohnson,86.233.198.96,Failure,Chrome/91.0.4472.124 (Macintosh),"San Francisco, USA"
2025-06-02T08:22:48,mwilliams,37.69.245.140,Failure,Mozilla/5.0 (Windows NT 10.0; Win64; x64),"Cape Town, South Africa"
2025-06-19T14:37:16,bjones,114.105.3.49,Success,Safari/604.1 (iPhone),"Berlin, Germany"
2025-06-14T15:56:26,admin,23.136.224.126,Failure,Mozilla/5.0 (Windows NT 10.0; Win64; x64),"Sydney, Australia"
2025-06-16T01:01:59,ewhite,69.71.78.31,Success,Chrome/91.0.4472.124 (Macintosh),"São Paulo, Brazil"
2025-06-09T09:58:15,ewhite,106.27.251.86,Success,Edge/18.18362,"Berlin, Germany"
2025-06-11T05:20:33,jdoe,44.17.252.161,Success,Edge/18.18362,"San Francisco, USA"
2025-06-09T05:12:46,jdoe,238.144.12.85,Success,Edge/18.18362,"Berlin, Germany"
2025-06-11T14:47:17,jdoe,167.220.28.223,Failure,Safari/604.1 (iPhone),"New York, USA"
2025-06-08T01:10:14,jdoe,121.178.119.135,Failure,Edge/18.18362,"Tokyo, Japan"
2025-06-03T19:28:55,jdoe,237.188.43.238,Failure,Mozilla/5.0 (Linux; Android),"Sydney, Australia"
2025-06-10T09:50:44,asmith,126.147.101.123,Success,Chrome/91.0.4472.124 (Macintosh),"Mumbai, India"
2025-06-01T07:36:11,bjones,16.249.173.13,Failure,Mozilla/5.0 (Windows NT 10.0; Win64; x64),"Mumbai, India"
2025-06-17T10:24:58,mwilliams,185.220.61.240,Success,Mozilla/5.0 (Linux; Android),"San Francisco, USA"
2025-06-20T16:53:54,cgreen,254.83.87.42,Failure,Safari/604.1 (iPhone),"Tokyo, Japan"
2025-06-07T03:24:51,ewhite,196.139.176.230,Failure,Chrome/91.0.4472.124 (Macintosh),"San Francisco, USA"
2025-06-14T12:28:45,cgreen,105.65.166.83,Success,Mozilla/5.0 (Windows NT 10.0; Win64; x64),"New York, USA"
2025-06-09T07:06:29,jdoe,241.196.97.205,Success,Chrome/91.0.4472.124 (Macintosh),"Toronto, Canada"
2025-06-17T03:29:50,admin,9.247.145.178,Failure,Mozilla/5.0 (Linux; Android),"Cape Town, South Africa"
2025-06-09T02:17:34,mwilliams,253.145.97.166,Failure,Mozilla/5.0 (Linux; Android),"Berlin, Germany"
2025-06-10T11:58:06,kblack,59.115.26.235,Failure,Safari/604.1 (iPhone),"San Francisco, USA"
2025-06-06T02:06:33,asmith,140.105.132.156,Success,Edge/18.18362,"Cape Town, South Africa"
2025-06-02T21:53:20,admin,227.92.53.179,Success,Edge/18.18362,"Mumbai, India"
2025-06-20T19:41:51,admin,95.139.169.145,Success,Chrome/91.0.4472.124 (Macintosh),"Mumbai, India"
2025-06-10T03:45:23,mwilliams,211.175.209.28,Success,Mozilla/5.0 (Windows NT 10.0; Win64; x64),"Cape Town, South Africa"
2025-06-15T20:05:58,kblack,77.108.92.121,Failure,Safari/604.1 (iPhone),"Cape Town, South Africa"
2025-06-18T13:22:43,kblack,52.73.172.91,Success,Mozilla/5.0 (Linux; Android),"São Paulo, Brazil"
2025-06-02T15:21:47,admin,142.43.11.137,Success,Mozilla/5.0 (Linux; Android),"San Francisco, USA"
2025-06-04T14:52:34,ewhite,84.255.39.140,Failure,Chrome/91.0.4472.124 (Macintosh),"Cape Town, South Africa"
2025-06-08T17:53:15,kblack,183.3.92.184,Failure,Edge/18.18362,"Sydney, Australia"
2025-06-15T19:39:20,cgreen,48.185.65.231,Success,Safari/604.1 (iPhone),"São Paulo, Brazil"
2025-06-06T14:25:37,jdoe,85.12.80.120,Failure,Mozilla/5.0 (Linux; Android),"Mumbai, India"
2025-06-11T02:25:29,asmith,50.235.220.132,Failure,Chrome/91.0.4472.124 (Macintosh),"Tokyo, Japan"
2025-06-17T00:49:54,kblack,24.160.11.229,Failure,Safari/604.1 (iPhone),"New York, USA"
2025-06-10T23:45:35,admin,33.163.183.35,Failure,Chrome/91.0.4472.124 (Macintosh),"London, UK"
2025-06-02T05:22:29,lthomas,134.236.160.195,Success,Safari/604.1 (iPhone),"Sydney, Australia"
2025-06-02T11:57:53,cgreen,204.143.228.125,Success,Chrome/91.0.4472.124 (Macintosh),"Toronto, Canada"
2025-06-07T23:26:49,mwilliams,88.204.20.223,Failure,Edge/18.18362,"Sydney, Australia"
2025-06-10T12:34:58,admin,185.195.169.172,Success,Edge/18.18362,"Tokyo, Japan"
2025-06-02T06:13:01,rjohnson,37.22.62.193,Success,Edge/18.18362,"Berlin, Germany"
2025-06-08T07:04:28,jdoe,105.211.0.228,Failure,Safari/604.1 (iPhone),"Cape Town, South Africa"
2025-06-04T13:24:31,lthomas,158.143.45.17,Failure,Mozilla/5.0 (Linux; Android),"San Francisco, USA"
2025-06-07T14:04:04,rjohnson,43.154.99.252,Failure,Mozilla/5.0 (Windows NT 10.0; Win64; x64),"Cape Town, South Africa"
2025-06-12T18:12:44,kblack,33.102.93.1,Success,Chrome/91.0.4472.124 (Macintosh),"Tokyo, Japan"
2025-06-15T14:12:08,asmith,3.24.28.111,Failure,Mozilla/5.0 (Windows NT 10.0; Win64; x64),"Tokyo, Japan"
2025-06-10T19:00:12,asmith,34.32.47.238,Success,Mozilla/5.0 (Linux; Android),"Sydney, Australia"
2025-06-20T11:42:54,rjohnson,222.130.222.99,Failure,Edge/18.18362,"Sydney, Australia"
2025-06-22T19:14:18,kblack,91.252.177.171,Failure,Safari/604.1 (iPhone),"London, UK"
2025-06-22T20:25:57,jdoe,251.117.3.205,Success,Edge/18.18362,"San Francisco, USA"
2025-06-10T04:59:32,mwilliams,64.91.64.186,Success,Edge/18.18362,"Cape Town, South Africa"
2025-06-10T11:12:00,asmith,191.88.3.73,Success,Mozilla/5.0 (Windows NT 10.0; Win64; x64),"Berlin, Germany"
2025-06-18T12:04:47,rjohnson,110.35.104.229,Failure,Chrome/91.0.4472.124 (Macintosh),"Mumbai, India"
2025-06-10T18:17:35,ewhite,246.1.209.249,Success,Chrome/91.0.4472.124 (Macintosh),"New York, USA"
2025-06-14T06:16:52,cgreen,131.98.241.249,Success,Chrome/91.0.4472.124 (Macintosh),"New York, USA"
2025-06-13T17:55:05,lthomas,149.74.159.138,Success,Mozilla/5.0 (Linux; Android),"New York, USA"
2025-06-03T21:57:09,cgreen,175.230.150.63,Success,Mozilla/5.0 (Windows NT 10.0; Win64; x64),"San Francisco, USA"
2025-06-20T01:22:28,rjohnson,238.41.117.98,Failure,Mozilla/5.0 (Linux; Android),"Cape Town, South Africa"
2025-06-19T08:42:39,cgreen,105.11.11.232,Success,Safari/604.1 (iPhone),"Mumbai, India"
2025-06-01T00:38:06,cgreen,169.84.33.40,Failure,Chrome/91.0.4472.124 (Macintosh),"San Francisco, USA"
2025-06-12T15:41:45,asmith,64.239.136.116,Success,Edge/18.18362,"San Francisco, USA"
2025-06-16T08:15:03,cgreen,146.6.177.17,Failure,Chrome/91.0.4472.124 (Macintosh),"Tokyo, Japan"
2025-06-19T07:24:44,kblack,98.8.51.44,Failure,Mozilla/5.0 (Windows NT 10.0; Win64; x64),"Berlin, Germany"
2025-06-16T16:28:00,asmith,43.170.113.188,Failure,Mozilla/5.0 (Windows NT 10.0; Win64; x64),"San Francisco, USA"
2025-06-01T16:04:18,lthomas,57.93.114.243,Failure,Safari/604.1 (iPhone),"San Francisco, USA"
2025-06-12T03:42:03,bjones,208.97.219.199,Success,Mozilla/5.0 (Linux; Android),"São Paulo, Brazil"
2025-06-22T10:49:23,jdoe,159.92.0.191,Failure,Safari/604.1 (iPhone),"New York, USA"
2025-06-13T17:57:45,asmith,174.138.10.153,Success,Mozilla/5.0 (Linux; Android),"Mumbai, India"
2025-06-20T17:51:05,jdoe,154.181.207.108,Failure,Mozilla/5.0 (Linux; Android),"Sydney, Australia"
2025-06-09T17:41:38,cgreen,51.49.114.47,Success,Safari/604.1 (iPhone),"Sydney, Australia"
2025-06-15T05:41:37,bjones,91.148.93.51,Failure,Edge/18.18362,"New York, USA"
2025-06-06T20:43:52,cgreen,8.111.7.181,Failure,Safari/604.1 (iPhone),"Sydney, Australia"
2025-06-14T10:28:46,kblack,238.228.72.28,Success,Chrome/91.0.4472.124 (Macintosh),"San Francisco, USA"
2025-06-03T02:32:46,cgreen,140.209.252.179,Success,Safari/604.1 (iPhone),"Berlin, Germany"
2025-06-02T23:30:06,cgreen,246.190.75.179,Failure,Edge/18.18362,"Toronto, Canada"
2025-06-14T04:17:22,mwilliams,89.141.49.235,Success,Mozilla/5.0 (Windows NT 10.0; Win64; x64),"Berlin, Germany"
2025-06-18T02:25:09,lthomas,241.72.102.93,Failure,Chrome/91.0.4472.124 (Macintosh),"Tokyo, Japan"
2025-06-17T08:33:35,cgreen,237.148.159.90,Failure,Chrome/91.0.4472.124 (Macintosh),"Mumbai, India"
2025-06-13T15:28:05,rjohnson,55.114.162.139,Success,Mozilla/5.0 (Windows NT 10.0; Win64; x64),"Tokyo, Japan"
2025-06-18T21:45:46,admin,142.119.169.162,Failure,Chrome/91.0.4472.124 (Macintosh),"Cape Town, South Africa"
2025-06-22T20:09:03,lthomas,118.155.182.146,Success,Chrome/91.0.4472.124 (Macintosh),"San Francisco, USA"
2025-06-15T01:44:54,kblack,250.252.130.107,Failure,Safari/604.1 (iPhone),"Berlin, Germany"
2025-06-11T00:40:23,bjones,190.218.176.96,Failure,Mozilla/5.0 (Linux; Android),"London, UK"
2025-06-07T08:25:29,cgreen,157.54.191.151,Success,Safari/604.1 (iPhone),"San Francisco, USA"
2025-06-22T09:24:41,jdoe,154.64.84.0,Success,Safari/604.1 (iPhone),"Sydney, Australia"
2025-06-06T19:48:25,admin,232.224.115.6,Success,Safari/604.1 (iPhone),"Mumbai, India"
2025-06-03T22:54:11,rjohnson,189.96.238.217,Success,Mozilla/5.0 (Linux; Android),"New York, USA"
2025-06-05T20:05:23,ewhite,200.208.2.99,Failure,Mozilla/5.0 (Windows NT 10.0; Win64; x64),"Berlin, Germany"
2025-06-12T17:28:04,admin,59.161.72.36,Failure,Mozilla/5.0 (Windows NT 10.0; Win64; x64),"Sydney, Australia"
2025-06-14T13:50:43,admin,249.36.194.159,Success,Edge/18.18362,"Tokyo, Japan"
2025-06-01T00:25:08,bjones,30.50.11.236,Success,Edge/18.18362,"Sydney, Australia"
2025-06-11T11:21:56,bjones,14.126.233.170,Failure,Chrome/91.0.4472.124 (Macintosh),"Toronto, Canada"
2025-06-15T13:27:47,cgreen,42.194.140.16,Failure,Chrome/91.0.4472.124 (Macintosh),"New York, USA"
2025-06-07T08:16:49,lthomas,64.52.33.179,Success,Edge/18.18362,"Toronto, Canada"
2025-06-02T16:16:44,rjohnson,24.202.241.38,Failure,Chrome/91.0.4472.124 (Macintosh),"Mumbai, India"
2025-06-05T12:40:49,bjones,199.158.91.137,Success,Mozilla/5.0 (Linux; Android),"Sydney, Australia"
2025-06-21T19:03:52,mwilliams,235.181.76.62,Success,Edge/18.18362,"Sydney, Australia"
2025-06-04T07:44:21,bjones,231.220.92.204,Failure,Mozilla/5.0 (Windows NT 10.0; Win64; x64),"San Francisco, USA"
2025-06-11T17:14:24,kblack,44.209.45.151,Success,Mozilla/5.0 (Windows NT 10.0; Win64; x64),"Toronto, Canada"
2025-06-10T09:39:32,mwilliams,83.46.6.126,Failure,Edge/18.18362,"London, UK"
2025-06-22T11:36:54,mwilliams,150.11.49.109,Success,Edge/18.18362,"Tokyo, Japan"
2025-06-08T10:06:24,kblack,93.115.197.161,Failure,Edge/18.18362,"Cape Town, South Africa"
2025-06-11T04:30:22,mwilliams,246.174.173.43,Success,Mozilla/5.0 (Linux; Android),"Berlin, Germany"
2025-06-07T15:43:21,rjohnson,97.244.67.250,Success,Mozilla/5.0 (Windows NT 10.0; Win64; x64),"São Paulo, Brazil"
2025-06-06T13:49:01,cgreen,45.114.224.198,Success,Edge/18.18362,"Toronto, Canada"
2025-06-12T03:54:40,asmith,30.241.116.236,Failure,Mozilla/5.0 (Linux; Android),"Berlin, Germany"
2025-06-20T02:31:21,admin,161.180.179.216,Success,Mozilla/5.0 (Linux; Android),"Tokyo, Japan"
2025-06-18T17:32:53,bjones,64.254.192.218,Success,Edge/18.18362,"London, UK"
2025-06-16T11:10:37,admin,195.28.103.85,Failure,Mozilla/5.0 (Linux; Android),"New York, USA"
2025-06-08T20:19:39,rjohnson,13.165.111.78,Failure,Edge/18.18362,"Toronto, Canada"
2025-06-01T16:20:37,jdoe,113.217.6.27,Failure,Mozilla/5.0 (Linux; Android),"São Paulo, Brazil"
2025-06-08T05:15:03,ewhite,221.232.100.21,Failure,Mozilla/5.0 (Linux; Android),"Tokyo, Japan"
2025-06-11T01:55:59,mwilliams,127.245.178.28,Success,Mozilla/5.0 (Windows NT 10.0; Win64; x64),"Berlin, Germany"
2025-06-18T18:36:04,rjohnson,233.196.154.210,Success,Mozilla/5.0 (Linux; Android),"London, UK"
2025-06-20T19:09:17,kblack,226.196.154.68,Failure,Chrome/91.0.4472.124 (Macintosh),"Tokyo, Japan"
2025-06-08T15:27:54,jdoe,137.52.206.218,Failure,Safari/604.1 (iPhone),"Cape Town, South Africa"
2025-06-19T08:29:38,lthomas,154.12.86.207,Failure,Mozilla/5.0 (Linux; Android),"Berlin, Germany"
2025-06-13T14:04:37,ewhite,208.68.105.179,Failure,Mozilla/5.0 (Linux; Android),"Toronto, Canada"
2025-06-13T04:37:54,admin,151.130.33.142,Failure,Chrome/91.0.4472.124 (Macintosh),"Toronto, Canada"
2025-06-17T20:58:43,cgreen,96.40.77.199,Failure,Edge/18.18362,"London, UK"
2025-06-09T09:20:41,kblack,217.4.127.245,Failure,Edge/18.18362,"London, UK"
2025-06-13T18:10:52,cgreen,59.216.32.221,Success,Edge/18.18362,"New York, USA"
2025-06-08T12:06:27,kblack,50.225.111.162,Success,Mozilla/5.0 (Windows NT 10.0; Win64; x64),"Sydney, Australia"
2025-06-01T09:28:46,bjones,133.19.225.212,Success,Edge/18.18362,"Tokyo, Japan"
2025-06-21T20:51:32,bjones,220.124.58.202,Failure,Chrome/91.0.4472.124 (Macintosh),"Sydney, Australia"
2025-06-02T14:47:41,rjohnson,136.133.186.108,Failure,Edge/18.18362,"Cape Town, South Africa"
2025-06-14T12:29:26,cgreen,214.61.65.147,Success,Mozilla/5.0 (Windows NT 10.0; Win64; x64),"Tokyo, Japan"
2025-06-08T13:52:30,lthomas,20.35.121.98,Success,Safari/604.1 (iPhone),"São Paulo, Brazil"
2025-06-21T03:07:08,lthomas,218.85.81.132,Failure,Safari/604.1 (iPhone),"Toronto, Canada"
2025-06-02T13:40:35,ewhite,210.209.99.22,Success,Safari/604.1 (iPhone),"Mumbai, India"
2025-06-20T01:34:58,lthomas,111.194.233.90,Failure,Edge/18.18362,"New York, USA"
2025-06-22T23:33:59,kblack,50.166.150.122,Success,Chrome/91.0.4472.124 (Macintosh),"Sydney, Australia"
2025-06-21T11:53:03,admin,60.234.87.76,Failure,Mozilla/5.0 (Windows NT 10.0; Win64; x64),"New York, USA"
2025-06-05T10:41:49,bjones,62.208.78.178,Success,Chrome/91.0.4472.124 (Macintosh),"Toronto, Canada"
2025-06-04T22:03:51,mwilliams,119.186.195.39,Failure,Chrome/91.0.4472.124 (Macintosh),"Mumbai, India"
2025-06-05T19:43:51,ewhite,110.51.229.120,Success,Mozilla/5.0 (Windows NT 10.0; Win64; x64),"New York, USA"
2025-06-06T04:42:12,rjohnson,150.52.7.32,Failure,Edge/18.18362,"Mumbai, India"
2025-06-05T02:35:11,lthomas,150.163.245.144,Success,Mozilla/5.0 (Windows NT 10.0; Win64; x64),"São Paulo, Brazil"
2025-06-18T00:10:19,mwilliams,41.61.39.99,Failure,Mozilla/5.0 (Linux; Android),"New York, USA"
2025-06-05T02:23:28,mwilliams,39.71.254.97,Failure,Mozilla/5.0 (Linux; Android),"Cape Town, South Africa"
2025-06-05T15:25:27,cgreen,119.138.135.218,Failure,Mozilla/5.0 (Linux; Android),"Mumbai, India"
2025-06-12T05:37:38,lthomas,126.81.39.172,Success,Safari/604.1 (iPhone),"London, UK"
2025-06-17T01:05:35,rjohnson,199.85.63.171,Failure,Safari/604.1 (iPhone),"Sydney, Australia"
2025-06-21T05:08:11,lthomas,12.188.83.226,Success,Safari/604.1 (iPhone),"Sydney, Australia"
2025-06-17T10:07:01,lthomas,130.68.145.185,Success,Mozilla/5.0 (Linux; Android),"Toronto, Canada"
2025-06-16T07:28:38,bjones,5.118.158.89,Success,Chrome/91.0.4472.124 (Macintosh),"Sydney, Australia"
2025-06-20T06:33:58,rjohnson,166.185.112.139,Failure,Edge/18.18362,"London, UK"
2025-06-04T18:52:39,ewhite,146.212.21.7,Failure,Safari/604.1 (iPhone),"São Paulo, Brazil"
2025-06-05T02:42:15,bjones,95.166.152.234,Success,Chrome/91.0.4472.124 (Macintosh),"San Francisco, USA"
2025-06-12T07:54:40,rjohnson,200.179.179.86,Failure,Mozilla/5.0 (Linux; Android),"San Francisco, USA"
2025-06-21T05:23:32,asmith,184.58.139.133,Failure,Edge/18.18362,"London, UK"
2025-06-09T18:53:48,admin,81.99.203.179,Success,Chrome/91.0.4472.124 (Macintosh),"Tokyo, Japan"
2025-06-04T12:06:30,jdoe,162.31.149.217,Failure,Mozilla/5.0 (Windows NT 10.0; Win64; x64),"San Francisco, USA"
2025-06-21T21:34:45,admin,11.205.89.127,Success,Edge/18.18362,"Tokyo, Japan"
2025-06-01T06:51:10,kblack,227.138.174.10,Success,Mozilla/5.0 (Linux; Android),"Cape Town, South Africa"
2025-06-07T04:32:56,ewhite,115.67.80.96,Success,Mozilla/5.0 (Windows NT 10.0; Win64; x64),"Mumbai, India"
2025-06-11T00:12:49,lthomas,255.231.49.185,Failure,Chrome/91.0.4472.124 (Macintosh),"Tokyo, Japan"
2025-06-16T09:46:28,mwilliams,202.127.36.74,Success,Safari/604.1 (iPhone),"New York, USA"
2025-06-07T10:42:07,mwilliams,251.12.29.84,Success,Chrome/91.0.4472.124 (Macintosh),"Sydney, Australia"
2025-06-03T08:28:20,asmith,156.160.39.190,Success,Mozilla/5.0 (Windows NT 10.0; Win64; x64),"Berlin, Germany"
2025-06-03T11:27:19,mwilliams,95.183.125.66,Failure,Mozilla/5.0 (Windows NT 10.0; Win64; x64),"London, UK"
2025-06-03T17:09:56,admin,146.237.70.161,Failure,Mozilla/5.0 (Linux; Android),"Berlin, Germany"
2025-06-07T07:35:31,bjones,244.213.139.220,Failure,Safari/604.1 (iPhone),"Toronto, Canada"
2025-06-18T19:25:27,rjohnson,142.139.33.214,Success,Mozilla/5.0 (Linux; Android),"Tokyo, Japan"
2025-06-19T07:13:56,lthomas,120.106.245.173,Success,Edge/18.18362,"New York, USA"
2025-06-16T04:35:28,kblack,8.4.47.169,Success,Mozilla/5.0 (Windows NT 10.0; Win64; x64),"New York, USA"
2025-06-07T18:51:48,bjones,72.41.161.72,Success,Safari/604.1 (iPhone),"London, UK"
2025-06-07T13:32:08,kblack,43.98.252.141,Success,Safari/604.1 (iPhone),"Sydney, Australia"
2025-06-02T17:30:47,ewhite,39.76.222.254,Failure,Safari/604.1 (iPhone),"New York, USA"
2025-06-12T17:29:47,asmith,30.97.43.142,Success,Edge/18.18362,"São Paulo, Brazil"
2025-06-06T15:21:21,admin,12.1.23.128,Failure,Mozilla/5.0 (Linux; Android),"New York, USA"
2025-06-19T06:18:42,rjohnson,44.60.56.162,Failure,Mozilla/5.0 (Linux; Android),"London, UK"
2025-06-11T02:31:30,mwilliams,16.131.97.86,Failure,Safari/604.1 (iPhone),"Sydney, Australia"
2025-06-21T18:29:33,jdoe,235.43.85.244,Success,Safari/604.1 (iPhone),"Tokyo, Japan"
2025-06-19T02:57:18,bjones,216.5.87.77,Success,Safari/604.1 (iPhone),"London, UK"
2025-06-19T05:52:59,rjohnson,64.187.30.40,Success,Edge/18.18362,"San Francisco, USA"
2025-06-13T03:46:05,mwilliams,18.139.147.47,Success,Edge/18.18362,"Cape Town, South Africa"
2025-06-18T08:32:04,admin,231.115.177.63,Failure,Chrome/91.0.4472.124 (Macintosh),"New York, USA"
2025-06-13T08:14:41,rjohnson,130.79.201.226,Success,Chrome/91.0.4472.124 (Macintosh),"Mumbai, India"
2025-06-06T05:04:18,asmith,73.37.203.235,Success,Mozilla/5.0 (Linux; Android),"Tokyo, Japan"
2025-06-10T08:01:47,admin,3.245.65.120,Success,Chrome/91.0.4472.124 (Macintosh),"São Paulo, Brazil"
2025-06-06T02:09:40,rjohnson,213.95.5.118,Success,Edge/18.18362,"Toronto, Canada"
2025-06-13T10:42:22,asmith,116.8.93.83,Success,Edge/18.18362,"Berlin, Germany"
2025-06-03T18:49:08,bjones,170.213.23.60,Failure,Mozilla/5.0 (Windows NT 10.0; Win64; x64),"Sydney, Australia"
2025-06-11T20:53:03,admin,245.147.14.21,Failure,Mozilla/5.0 (Linux; Android),"Sydney, Australia"
2025-06-18T17:08:46,rjohnson,167.42.111.4,Failure,Chrome/91.0.4472.124 (Macintosh),"Sydney, Australia"
2025-06-07T20:25:46,rjohnson,51.239.30.30,Success,Mozilla/5.0 (Linux; Android),"San Francisco, USA"
2025-06-09T13:00:27,asmith,27.240.236.209,Failure,Mozilla/5.0 (Windows NT 10.0; Win64; x64),"Mumbai, India"
2025-06-04T23:25:26,ewhite,111.243.53.13,Success,Mozilla/5.0 (Windows NT 10.0; Win64; x64),"Tokyo, Japan"
2025-06-11T06:47:10,ewhite,232.183.165.234,Success,Edge/18.18362,"London, UK"
2025-06-14T01:09:48,ewhite,227.87.25.20,Success,Mozilla/5.0 (Linux; Android),"Mumbai, India"
2025-06-21T14:43:26,asmith,130.152.128.222,Failure,Safari/604.1 (iPhone),"Cape Town, South Africa"
2025-06-15T12:06:11,kblack,27.12.246.167,Failure,Safari/604.1 (iPhone),"Berlin, Germany"
2025-06-19T07:25:52,ewhite,14.118.171.227,Failure,Mozilla/5.0 (Windows NT 10.0; Win64; x64),"Mumbai, India"
2025-06-10T23:46:21,ewhite,176.240.215.174,Failure,Safari/604.1 (iPhone),"London, UK"
2025-06-14T18:01:44,kblack,250.250.26.89,Failure,Mozilla/5.0 (Linux; Android),"San Francisco, USA"
2025-06-05T11:27:50,cgreen,41.101.247.237,Failure,Mozilla/5.0 (Windows NT 10.0; Win64; x64),"Sydney, Australia"
2025-06-09T07:38:56,lthomas,24.212.88.214,Success,Mozilla/5.0 (Linux; Android),"Cape Town, South Africa"
2025-06-06T17:04:12,lthomas,174.146.98.62,Failure,Chrome/91.0.4472.124 (Macintosh),"Cape Town, South Africa"
2025-06-03T02:29:41,jdoe,87.132.217.188,Failure,Mozilla/5.0 (Windows NT 10.0; Win64; x64),"San Francisco, USA"
2025-06-18T05:03:42,ewhite,205.253.155.102,Failure,Mozilla/5.0 (Windows NT 10.0; Win64; x64),"Sydney, Australia"
2025-06-08T14:51:10,cgreen,73.78.245.28,Failure,Mozilla/5.0 (Linux; Android),"Cape Town, South Africa"
2025-06-16T22:54:25,lthomas,235.10.35.81,Failure,Mozilla/5.0 (Windows NT 10.0; Win64; x64),"San Francisco, USA"
2025-06-16T00:29:21,ewhite,50.242.69.232,Failure,Mozilla/5.0 (Linux; Android),"London, UK"
2025-06-10T17:29:43,asmith,65.192.0.151,Success,Mozilla/5.0 (Linux; Android),"San Francisco, USA"
2025-06-07T05:04:15,lthomas,155.124.82.29,Success,Edge/18.18362,"Toronto, Canada"
2025-06-15T08:08:41,cgreen,18.207.173.14,Failure,Mozilla/5.0 (Windows NT 10.0; Win64; x64),"Mumbai, India"
2025-06-05T21:44:46,bjones,39.61.48.100,Failure,Safari/604.1 (iPhone),"New York, USA"
2025-06-21T22:31:29,ewhite,218.247.146.231,Failure,Safari/604.1 (iPhone),"Mumbai, India"
2025-06-21T13:11:43,rjohnson,208.115.253.160,Success,Safari/604.1 (iPhone),"San Francisco, USA"
2025-06-03T17:32:38,kblack,30.194.180.26,Failure,Safari/604.1 (iPhone),"Toronto, Canada"
2025-06-03T23:39:42,admin,113.130.9.30,Success,Mozilla/5.0 (Linux; Android),"Berlin, Germany"
2025-06-17T00:53:56,cgreen,254.40.208.177,Failure,Mozilla/5.0 (Windows NT 10.0; Win64; x64),"Cape Town, South Africa"
2025-06-13T07:35:10,lthomas,237.69.194.242,Failure,Mozilla/5.0 (Windows NT 10.0; Win64; x64),"Cape Town, South Africa"
2025-06-08T06:11:13,rjohnson,203.210.184.64,Failure,Mozilla/5.0 (Windows NT 10.0; Win64; x64),"Sydney, Australia"
2025-06-22T21:52:59,rjohnson,226.135.220.10,Failure,Mozilla/5.0 (Windows NT 10.0; Win64; x64),"New York, USA"
2025-06-18T13:31:28,rjohnson,81.4.94.169,Failure,Edge/18.18362,"Berlin, Germany"
2025-06-05T20:59:57,jdoe,217.71.37.127,Failure,Safari/604.1 (iPhone),"São Paulo, Brazil"
2025-06-07T13:51:02,asmith,56.165.249.13,Failure,Mozilla/5.0 (Windows NT 10.0; Win64; x64),"Cape Town, South Africa"
2025-06-12T12:14:21,bjones,32.195.165.141,Success,Safari/604.1 (iPhone),"São Paulo, Brazil"
2025-06-18T01:53:36,mwilliams,126.72.211.112,Failure,Safari/604.1 (iPhone),"Cape Town, South Africa"
2025-06-19T07:07:48,asmith,127.118.163.179,Success,Mozilla/5.0 (Linux; Android),"Sydney, Australia"
2025-06-20T18:42:56,rjohnson,46.0.114.62,Failure,Safari/604.1 (iPhone),"São Paulo, Brazil"
2025-06-06T21:46:47,asmith,146.11.171.47,Failure,Edge/18.18362,"Sydney, Australia"
2025-06-04T18:56:25,mwilliams,68.9.210.18,Success,Safari/604.1 (iPhone),"Berlin, Germany"
2025-06-04T18:00:06,ewhite,48.180.224.159,Failure,Edge/18.18362,"Toronto, Canada"
2025-06-17T18:30:34,admin,88.191.51.171,Success,Mozilla/5.0 (Windows NT 10.0; Win64; x64),"Cape Town, South Africa"
2025-06-03T17:42:44,cgreen,218.178.39.231,Success,Mozilla/5.0 (Linux; Android),"Mumbai, India"
2025-06-19T15:11:36,cgreen,208.14.210.32,Success,Safari/604.1 (iPhone),"Toronto, Canada"
2025-06-02T03:24:41,lthomas,115.77.155.222,Failure,Chrome/91.0.4472.124 (Macintosh),"Toronto, Canada"
2025-06-17T07:07:25,ewhite,7.180.200.127,Success,Safari/604.1 (iPhone),"Mumbai, India"
2025-06-01T02:42:40,rjohnson,86.53.142.90,Success,Mozilla/5.0 (Windows NT 10.0; Win64; x64),"San Francisco, USA"
2025-06-21T05:50:01,ewhite,153.140.127.133,Failure,Edge/18.18362,"London, UK"
2025-06-06T13:43:57,cgreen,3.165.106.184,Failure,Mozilla/5.0 (Linux; Android),"San Francisco, USA"
2025-06-03T09:03:59,bjones,4.87.150.175,Failure,Edge/18.18362,"Berlin, Germany"
2025-06-19T01:16:33,kblack,62.104.205.152,Failure,Mozilla/5.0 (Linux; Android),"London, UK"
2025-06-18T01:36:10,cgreen,250.7.242.220,Success,Edge/18.18362,"Sydney, Australia"
2025-06-22T00:58:17,asmith,49.231.66.149,Failure,Edge/18.18362,"Mumbai, India"
2025-06-05T21:12:08,kblack,160.106.137.144,Failure,Edge/18.18362,"Berlin, Germany"
2025-06-05T03:44:35,bjones,5.117.90.220,Failure,Edge/18.18362,"Mumbai, India"
2025-06-19T14:10:54,rjohnson,65.44.14.75,Failure,Mozilla/5.0 (Windows NT 10.0; Win64; x64),"Mumbai, India"
2025-06-03T19:14:34,rjohnson,37.226.131.195,Failure,Mozilla/5.0 (Windows NT 10.0; Win64; x64),"Sydney, Australia"
2025-06-12T02:33:41,kblack,235.211.173.110,Success,Safari/604.1 (iPhone),"London, UK"
2025-06-16T05:22:01,cgreen,107.186.112.134,Success,Mozilla/5.0 (Linux; Android),"Toronto, Canada"
2025-06-20T11:12:11,ewhite,34.89.86.93,Success,Mozilla/5.0 (Linux; Android),"Cape Town, South Africa"
2025-06-07T10:45:17,mwilliams,218.182.58.5,Failure,Chrome/91.0.4472.124 (Macintosh),"Sydney, Australia"
2025-06-04T19:36:51,cgreen,172.170.223.175,Failure,Mozilla/5.0 (Linux; Android),"Toronto, Canada"
2025-06-19T21:46:31,bjones,53.67.193.186,Failure,Chrome/91.0.4472.124 (Macintosh),"Berlin, Germany"
2025-06-13T04:18:24,rjohnson,141.164.54.137,Success,Mozilla/5.0 (Linux; Android),"Toronto, Canada"
2025-06-02T12:03:13,cgreen,160.153.50.196,Failure,Mozilla/5.0 (Linux; Android),"London, UK"
2025-06-08T08:26:39,kblack,172.28.105.231,Failure,Mozilla/5.0 (Windows NT 10.0; Win64; x64),"São Paulo, Brazil"
2025-06-11T05:01:54,bjones,8.99.205.139,Success,Edge/18.18362,"Berlin, Germany"
2025-06-18T10:01:28,admin,253.162.215.194,Failure,Edge/18.18362,"Mumbai, India"
2025-06-10T20:29:08,cgreen,148.110.55.161,Failure,Mozilla/5.0 (Linux; Android),"Sydney, Australia"
2025-06-13T23:12:09,admin,200.137.251.161,Success,Safari/604.1 (iPhone),"Sydney, Australia"
2025-06-02T22:45:07,jdoe,21.63.201.27,Success,Edge/18.18362,"Tokyo, Japan"
2025-06-02T16:08:51,admin,235.137.11.173,Failure,Mozilla/5.0 (Linux; Android),"Mumbai, India"
2025-06-04T20:02:58,bjones,199.132.107.129,Failure,Safari/604.1 (iPhone),"Berlin, Germany"
2025-06-14T16:13:02,bjones,144.29.238.179,Failure,Safari/604.1 (iPhone),"Tokyo, Japan"
2025-06-14T09:42:00,kblack,232.57.82.48,Failure,Mozilla/5.0 (Linux; Android),"San Francisco, USA"
2025-06-07T09:08:05,asmith,5.105.14.127,Failure,Mozilla/5.0 (Linux; Android),"Tokyo, Japan"
2025-06-13T16:13:11,jdoe,170.243.152.105,Failure,Chrome/91.0.4472.124 (Macintosh),"Toronto, Canada"
2025-06-04T22:55:00,rjohnson,228.168.240.20,Success,Mozilla/5.0 (Windows NT 10.0; Win64; x64),"Berlin, Germany"
2025-06-06T03:41:36,admin,229.239.0.54,Failure,Safari/604.1 (iPhone),"Toronto, Canada"
2025-06-15T01:30:53,cgreen,245.35.196.2,Failure,Chrome/91.0.4472.124 (Macintosh),"Cape Town, South Africa"
2025-06-18T08:15:09,admin,228.178.108.195,Failure,Safari/604.1 (iPhone),"Mumbai, India"
2025-06-02T21:47:40,cgreen,10.223.250.209,Failure,Safari/604.1 (iPhone),"São Paulo, Brazil"
2025-06-09T00:08:19,kblack,8.80.199.91,Success,Edge/18.18362,"Tokyo, Japan"
2025-06-11T11:07:53,admin,132.197.121.44,Failure,Chrome/91.0.4472.124 (Macintosh),"New York, USA"
2025-06-14T10:28:31,lthomas,49.148.213.124,Success,Mozilla/5.0 (Linux; Android),"Toronto, Canada"
2025-06-10T21:57:42,mwilliams,24.141.100.110,Failure,Safari/604.1 (iPhone),"New York, USA"
2025-06-20T16:26:28,asmith,230.59.203.237,Failure,Safari/604.1 (iPhone),"New York, USA"
2025-06-12T04:50:04,bjones,163.136.209.6,Success,Edge/18.18362,"Toronto, Canada"
2025-06-12T22:20:24,asmith,223.140.156.15,Success,Mozilla/5.0 (Linux; Android),"Berlin, Germany"
2025-06-19T04:06:04,cgreen,184.75.99.115,Failure,Edge/18.18362,"San Francisco, USA"
2025-06-13T22:27:34,rjohnson,228.99.89.84,Failure,Safari/604.1 (iPhone),"London, UK"
2025-06-06T01:32:03,jdoe,199.161.78.81,Success,Mozilla/5.0 (Linux; Android),"Berlin, Germany"
2025-06-22T10:31:22,kblack,79.63.136.244,Failure,Edge/18.18362,"Berlin, Germany"
2025-06-10T01:20:44,asmith,53.15.26.151,Success,Chrome/91.0.4472.124 (Macintosh),"Cape Town, South Africa"
2025-06-18T17:53:54,ewhite,176.182.57.224,Failure,Safari/604.1 (iPhone),"Sydney, Australia"
2025-06-06T22:11:30,ewhite,173.177.153.80,Failure,Mozilla/5.0 (Linux; Android),"Toronto, Canada"
2025-06-11T07:20:44,asmith,109.88.136.17,Success,Edge/18.18362,"San Francisco, USA"
2025-06-14T07:33:55,jdoe,187.179.156.13,Success,Mozilla/5.0 (Linux; Android),"London, UK"
2025-06-07T11:41:08,bjones,235.31.123.28,Failure,Mozilla/5.0 (Linux; Android),"Mumbai, India"
2025-06-10T13:02:34,mwilliams,70.254.124.119,Success,Safari/604.1 (iPhone),"Mumbai, India"
2025-06-14T05:08:03,ewhite,110.108.14.222,Success,Chrome/91.0.4472.124 (Macintosh),"São Paulo, Brazil"
2025-06-19T01:26:44,jdoe,1.130.138.248,Failure,Chrome/91.0.4472.124 (Macintosh),"Tokyo, Japan"
2025-06-16T02:10:31,ewhite,171.28.57.147,Success,Safari/604.1 (iPhone),"Sydney, Australia"
2025-06-06T05:06:08,mwilliams,134.119.2.234,Success,Safari/604.1 (iPhone),"San Francisco, USA"
2025-06-18T21:40:13,mwilliams,136.162.105.55,Success,Mozilla/5.0 (Windows NT 10.0; Win64; x64),"New York, USA"
2025-06-05T05:30:16,rjohnson,40.221.246.253,Failure,Mozilla/5.0 (Windows NT 10.0; Win64; x64),"Berlin, Germany"
2025-06-15T15:33:40,ewhite,185.62.250.114,Failure,Mozilla/5.0 (Linux; Android),"Cape Town, South Africa"
2025-06-21T02:35:24,lthomas,253.163.85.163,Success,Chrome/91.0.4472.124 (Macintosh),"Sydney, Australia"
2025-06-16T03:21:00,kblack,188.228.18.245,Failure,Mozilla/5.0 (Linux; Android),"Mumbai, India"
2025-06-19T10:01:45,mwilliams,254.43.57.89,Failure,Chrome/91.0.4472.124 (Macintosh),"Sydney, Australia"
2025-06-12T10:07:50,bjones,74.120.69.83,Failure,Safari/604.1 (iPhone),"New York, USA"
2025-06-15T00:47:56,asmith,168.71.48.10,Success,Edge/18.18362,"London, UK"
2025-06-19T22:50:28,admin,56.104.153.93,Failure,Mozilla/5.0 (Windows NT 10.0; Win64; x64),"Cape Town, South Africa"
2025-06-05T16:40:48,cgreen,16.73.211.202,Success,Chrome/91.0.4472.124 (Macintosh),"London, UK"
2025-06-20T03:21:17,mwilliams,53.91.233.225,Success,Edge/18.18362,"Cape Town, South Africa"
2025-06-01T12:32:15,kblack,200.204.174.124,Success,Mozilla/5.0 (Linux; Android),"New York, USA"
2025-06-10T06:35:04,mwilliams,53.184.170.234,Failure,Chrome/91.0.4472.124 (Macintosh),"New York, USA"
2025-06-19T05:18:52,cgreen,239.11.50.151,Failure,Safari/604.1 (iPhone),"Toronto, Canada"
2025-06-20T07:06:06,cgreen,205.127.66.72,Failure,Chrome/91.0.4472.124 (Macintosh),"Sydney, Australia"
2025-06-14T06:53:58,mwilliams,207.225.150.131,Success,Mozilla/5.0 (Linux; Android),"Sydney, Australia"
2025-06-01T07:13:43,cgreen,93.175.214.82,Success,Mozilla/5.0 (Linux; Android),"São Paulo, Brazil"
2025-06-09T06:22:52,cgreen,84.138.159.39,Success,Mozilla/5.0 (Windows NT 10.0; Win64; x64),"Toronto, Canada"
2025-06-22T09:49:06,rjohnson,82.178.31.29,Failure,Chrome/91.0.4472.124 (Macintosh),"São Paulo, Brazil"
2025-06-10T11:15:53,ewhite,164.79.178.152,Failure,Chrome/91.0.4472.124 (Macintosh),"Toronto, Canada"
2025-06-11T04:01:53,jdoe,136.171.194.63,Failure,Chrome/91.0.4472.124 (Macintosh),"Sydney, Australia"
2025-06-10T03:20:00,rjohnson,152.126.17.198,Success,Chrome/91.0.4472.124 (Macintosh),"São Paulo, Brazil"
2025-06-12T12:50:55,ewhite,193.59.217.3,Success,Mozilla/5.0 (Windows NT 10.0; Win64; x64),"Cape Town, South Africa"
2025-06-05T01:31:59,rjohnson,124.104.173.119,Failure,Mozilla/5.0 (Linux; Android),"Tokyo, Japan"
2025-06-12T18:10:31,bjones,115.233.230.123,Failure,Mozilla/5.0 (Linux; Android),"Toronto, Canada"
2025-06-10T15:52:49,cgreen,182.70.144.172,Success,Chrome/91.0.4472.124 (Macintosh),"New York, USA"
2025-06-16T04:10:03,rjohnson,72.155.140.199,Success,Edge/18.18362,"London, UK"
2025-06-14T02:57:43,mwilliams,34.221.184.217,Success,Edge/18.18362,"Toronto, Canada"
2025-06-02T19:03:07,ewhite,66.134.184.234,Failure,Safari/604.1 (iPhone),"Sydney, Australia"
2025-06-21T17:37:22,rjohnson,207.245.203.95,Failure,Mozilla/5.0 (Linux; Android),"Berlin, Germany"
2025-06-20T05:43:13,asmith,229.108.38.142,Failure,Safari/604.1 (iPhone),"Sydney, Australia"
2025-06-04T23:24:31,kblack,92.42.177.223,Failure,Safari/604.1 (iPhone),"Toronto, Canada"
2025-06-09T06:15:28,kblack,161.135.218.130,Success,Edge/18.18362,"Cape Town, South Africa"
2025-06-13T16:24:13,asmith,166.217.152.220,Success,Mozilla/5.0 (Linux; Android),"Toronto, Canada"
2025-06-18T12:54:15,bjones,215.45.238.223,Failure,Safari/604.1 (iPhone),"Mumbai, India"
2025-06-14T12:55:20,bjones,95.48.23.183,Failure,Edge/18.18362,"San Francisco, USA"
2025-06-08T08:32:14,mwilliams,251.68.246.228,Failure,Mozilla/5.0 (Windows NT 10.0; Win64; x64),"Cape Town, South Africa"
2025-06-06T11:02:46,bjones,151.37.68.26,Success,Safari/604.1 (iPhone),"Berlin, Germany"
2025-06-08T09:09:17,ewhite,203.175.45.112,Failure,Mozilla/5.0 (Windows NT 10.0; Win64; x64),"Mumbai, India"
2025-06-17T14:30:31,admin,212.78.56.21,Success,Edge/18.18362,"San Francisco, USA"
2025-06-09T17:21:32,jdoe,98.31.129.167,Success,Mozilla/5.0 (Linux; Android),"London, UK"
2025-06-01T17:07:33,bjones,87.70.126.32,Success,Mozilla/5.0 (Linux; Android),"Tokyo, Japan"
2025-06-22T03:16:12,ewhite,136.253.69.179,Failure,Mozilla/5.0 (Linux; Android),"London, UK"
2025-06-15T16:55:44,asmith,88.174.37.190,Failure,Edge/18.18362,"San Francisco, USA"
2025-06-04T06:02:38,kblack,47.59.238.254,Success,Chrome/91.0.4472.124 (Macintosh),"São Paulo, Brazil"
2025-06-09T04:12:49,cgreen,128.17.4.173,Failure,Mozilla/5.0 (Windows NT 10.0; Win64; x64),"São Paulo, Brazil"
2025-06-10T21:31:23,rjohnson,237.139.199.111,Failure,Edge/18.18362,"Cape Town, South Africa"
2025-06-03T20:35:54,rjohnson,138.95.39.144,Success,Mozilla/5.0 (Linux; Android),"New York, USA"
2025-06-11T14:22:17,mwilliams,48.16.137.62,Success,Chrome/91.0.4472.124 (Macintosh),"São Paulo, Brazil"
2025-06-18T02:00:53,ewhite,103.125.74.93,Failure,Mozilla/5.0 (Linux; Android),"London, UK"
2025-06-17T11:15:12,kblack,72.44.20.19,Success,Edge/18.18362,"Tokyo, Japan"
2025-06-01T14:08:28,bjones,38.215.156.11,Failure,Mozilla/5.0 (Linux; Android),"Sydney, Australia"
2025-06-17T07:45:05,jdoe,103.175.241.1,Success,Safari/604.1 (iPhone),"Berlin, Germany"
2025-06-03T08:17:04,mwilliams,114.34.94.24,Failure,Safari/604.1 (iPhone),"Cape Town, South Africa"
2025-06-18T02:21:31,jdoe,30.48.95.52,Failure,Edge/18.18362,"Sydney, Australia"
2025-06-11T02:40:43,kblack,41.241.117.245,Success,Chrome/91.0.4472.124 (Macintosh),"Mumbai, India"
2025-06-11T10:16:33,kblack,95.118.44.13,Success,Mozilla/5.0 (Linux; Android),"Sydney, Australia"
2025-06-08T17:12:15,jdoe,134.210.249.239,Success,Edge/18.18362,"Berlin, Germany"
2025-06-11T18:56:07,lthomas,96.114.100.43,Failure,Mozilla/5.0 (Windows NT 10.0; Win64; x64),"Berlin, Germany"
2025-06-21T17:48:53,ewhite,193.237.170.63,Success,Chrome/91.0.4472.124 (Macintosh),"Tokyo, Japan"
2025-06-14T04:16:11,kblack,112.252.219.116,Failure,Mozilla/5.0 (Windows NT 10.0; Win64; x64),"Berlin, Germany"
2025-06-22T10:01:20,lthomas,70.80.153.248,Failure,Mozilla/5.0 (Linux; Android),"Mumbai, India"
2025-06-20T22:04:58,admin,145.158.234.156,Failure,Mozilla/5.0 (Linux; Android),"New York, USA"
2025-06-03T18:01:26,bjones,143.248.104.76,Failure,Safari/604.1 (iPhone),"Tokyo, Japan"
2025-06-14T22:30:24,bjones,165.68.236.10,Success,Mozilla/5.0 (Windows NT 10.0; Win64; x64),"London, UK"
2025-06-11T17:34:21,rjohnson,137.215.112.167,Success,Mozilla/5.0 (Linux; Android),"Tokyo, Japan"
2025-06-15T15:02:50,jdoe,145.74.8.166,Success,Edge/18.18362,"São Paulo, Brazil"
2025-06-16T09:19:06,bjones,240.69.249.239,Failure,Edge/18.18362,"New York, USA"
2025-06-14T15:47:42,rjohnson,207.154.97.190,Success,Chrome/91.0.4472.124 (Macintosh),"Tokyo, Japan"
2025-06-21T21:06:49,asmith,242.80.141.237,Success,Safari/604.1 (iPhone),"Toronto, Canada"
2025-06-13T04:28:09,admin,103.64.114.81,Success,Safari/604.1 (iPhone),"São Paulo, Brazil"
2025-06-04T01:03:58,kblack,105.93.73.98,Success,Edge/18.18362,"São Paulo, Brazil"
2025-06-22T05:50:59,admin,63.255.244.166,Failure,Edge/18.18362,"Berlin, Germany"
2025-06-20T15:27:50,mwilliams,112.154.105.106,Success,Mozilla/5.0 (Linux; Android),"Sydney, Australia"
2025-06-07T16:43:45,kblack,219.71.227.86,Success,Mozilla/5.0 (Linux; Android),"Mumbai, India"
2025-06-17T02:35:34,rjohnson,88.139.72.41,Success,Edge/18.18362,"London, UK"
2025-06-22T00:30:31,cgreen,128.54.249.225,Failure,Edge/18.18362,"New York, USA"
2025-06-01T09:05:48,admin,95.14.101.250,Failure,Safari/604.1 (iPhone),"Mumbai, India"
2025-06-05T06:11:06,mwilliams,109.134.228.106,Failure,Safari/604.1 (iPhone),"Toronto, Canada"
2025-06-04T01:35:01,kblack,126.165.60.255,Failure,Mozilla/5.0 (Linux; Android),"London, UK"
2025-06-14T01:03:43,jdoe,214.116.248.17,Success,Edge/18.18362,"San Francisco, USA"
2025-06-22T16:33:54,cgreen,14.209.186.140,Failure,Safari/604.1 (iPhone),"Sydney, Australia"
2025-06-15T09:06:53,jdoe,130.122.225.38,Success,Safari/604.1 (iPhone),"Sydney, Australia"
2025-06-08T00:11:37,bjones,12.133.135.81,Failure,Edge/18.18362,"São Paulo, Brazil"
2025-06-14T13:44:27,jdoe,220.18.99.233,Failure,Mozilla/5.0 (Windows NT 10.0; Win64; x64),"San Francisco, USA"
2025-06-05T10:41:12,mwilliams,39.247.54.161,Failure,Mozilla/5.0 (Linux; Android),"São Paulo, Brazil"
2025-06-10T23:59:57,ewhite,54.90.228.146,Success,Mozilla/5.0 (Linux; Android),"Sydney, Australia"
2025-06-14T21:20:18,lthomas,149.82.168.124,Failure,Chrome/91.0.4472.124 (Macintosh),"Berlin, Germany"
2025-06-04T05:41:06,kblack,78.12.86.133,Success,Chrome/91.0.4472.124 (Macintosh),"San Francisco, USA"
2025-06-10T19:43:04,bjones,85.61.203.140,Success,Mozilla/5.0 (Windows NT 10.0; Win64; x64),"Cape Town, South Africa"
2025-06-21T08:54:39,mwilliams,155.103.142.148,Failure,Edge/18.18362,"Sydney, Australia"
2025-06-07T12:57:03,cgreen,48.179.166.150,Failure,Edge/18.18362,"São Paulo, Brazil"
2025-06-22T09:47:31,admin,140.175.11.244,Failure,Edge/18.18362,"Mumbai, India"
2025-06-18T00:10:55,lthomas,174.255.128.148,Failure,Mozilla/5.0 (Windows NT 10.0; Win64; x64),"São Paulo, Brazil"
2025-06-17T14:33:07,bjones,144.116.110.224,Success,Edge/18.18362,"Mumbai, India"
2025-06-15T21:18:00,kblack,51.164.77.155,Failure,Mozilla/5.0 (Linux; Android),"Cape Town, South Africa"
2025-06-03T03:52:17,cgreen,128.180.252.129,Success,Safari/604.1 (iPhone),"Mumbai, India"
2025-06-16T13:38:37,cgreen,128.152.156.211,Failure,Mozilla/5.0 (Linux; Android),"Mumbai, India"
2025-06-07T10:31:25,kblack,95.151.137.137,Success,Mozilla/5.0 (Linux; Android),"Toronto, Canada"
2025-06-07T17:49:57,jdoe,117.177.154.18,Success,Safari/604.1 (iPhone),"Berlin, Germany"
2025-06-22T12:45:54,asmith,245.171.116.68,Failure,Mozilla/5.0 (Linux; Android),"Sydney, Australia"
2025-06-21T21:39:39,jdoe,62.144.194.158,Success,Safari/604.1 (iPhone),"Toronto, Canada"
2025-06-09T00:22:28,bjones,168.2.75.10,Success,Safari/604.1 (iPhone),"San Francisco, USA"
2025-06-19T05:21:29,rjohnson,124.6.213.7,Failure,Edge/18.18362,"São Paulo, Brazil"
2025-06-07T13:32:14,jdoe,206.239.255.203,Success,Safari/604.1 (iPhone),"Toronto, Canada"
2025-06-21T16:56:45,mwilliams,35.222.163.108,Failure,Mozilla/5.0 (Linux; Android),"São Paulo, Brazil"
2025-06-13T19:27:57,asmith,50.15.243.228,Failure,Chrome/91.0.4472.124 (Macintosh),"London, UK"
2025-06-04T07:12:30,mwilliams,160.101.68.30,Failure,Mozilla/5.0 (Linux; Android),"Sydney, Australia"
2025-06-08T08:44:05,admin,52.113.98.57,Success,Mozilla/5.0 (Windows NT 10.0; Win64; x64),"New York, USA"
2025-06-14T22:47:44,bjones,110.202.142.239,Failure,Safari/604.1 (iPhone),"São Paulo, Brazil"
2025-06-12T10:01:09,jdoe,207.122.118.97,Success,Chrome/91.0.4472.124 (Macintosh),"Tokyo, Japan"
2025-06-11T08:42:35,mwilliams,156.197.77.13,Failure,Safari/604.1 (iPhone),"Sydney, Australia"
2025-06-16T02:41:04,kblack,64.249.100.241,Failure,Safari/604.1 (iPhone),"London, UK"
2025-06-17T20:38:35,admin,43.54.172.202,Success,Safari/604.1 (iPhone),"San Francisco, USA"
2025-06-09T15:51:42,mwilliams,40.124.26.227,Failure,Edge/18.18362,"Mumbai, India"
2025-06-07T22:29:36,ewhite,72.52.202.95,Success,Chrome/91.0.4472.124 (Macintosh),"Berlin, Germany"
2025-06-06T13:53:48,jdoe,78.104.152.230,Success,Chrome/91.0.4472.124 (Macintosh),"Sydney, Australia"
2025-06-15T06:57:20,jdoe,182.44.72.23,Success,Chrome/91.0.4472.124 (Macintosh),"New York, USA"
2025-06-12T22:24:44,mwilliams,25.20.75.31,Success,Edge/18.18362,"Toronto, Canada"
2025-06-01T14:12:33,mwilliams,72.97.116.69,Success,Mozilla/5.0 (Windows NT 10.0; Win64; x64),"Toronto, Canada"
2025-06-19T04:06:43,mwilliams,79.250.225.151,Failure,Safari/604.1 (iPhone),"Tokyo, Japan"
2025-06-12T06:56:38,lthomas,193.184.250.136,Failure,Mozilla/5.0 (Windows NT 10.0; Win64; x64),"São Paulo, Brazil"
2025-06-03T20:00:04,ewhite,199.11.27.229,Failure,Mozilla/5.0 (Windows NT 10.0; Win64; x64),"Cape Town, South Africa"
2025-06-03T22:11:33,lthomas,174.231.197.184,Failure,Mozilla/5.0 (Windows NT 10.0; Win64; x64),"London, UK"
2025-06-05T07:27:50,bjones,82.91.33.128,Failure,Mozilla/5.0 (Linux; Android),"São Paulo, Brazil"
2025-06-15T05:23:38,mwilliams,207.246.66.186,Failure,Chrome/91.0.4472.124 (Macintosh),"Sydney, Australia"
2025-06-07T06:21:27,ewhite,235.33.75.74,Failure,Safari/604.1 (iPhone),"Cape Town, South Africa"
2025-06-17T01:18:46,asmith,187.94.122.23,Success,Safari/604.1 (iPhone),"Cape Town, South Africa"
2025-06-17T08:23:55,lthomas,108.92.43.110,Failure,Chrome/91.0.4472.124 (Macintosh),"Cape Town, South Africa"
2025-06-16T18:33:44,mwilliams,20.241.212.254,Failure,Mozilla/5.0 (Windows NT 10.0; Win64; x64),"Tokyo, Japan"
2025-06-05T15:48:34,ewhite,200.207.215.154,Failure,Chrome/91.0.4472.124 (Macintosh),"San Francisco, USA"
2025-06-06T05:46:59,jdoe,211.36.203.45,Failure,Chrome/91.0.4472.124 (Macintosh),"London, UK"
2025-06-09T04:53:38,cgreen,45.87.181.139,Failure,Chrome/91.0.4472.124 (Macintosh),"São Paulo, Brazil"
2025-06-14T00:42:23,asmith,172.64.172.23,Success,Mozilla/5.0 (Linux; Android),"São Paulo, Brazil"
2025-06-05T23:54:11,asmith,119.83.208.131,Success,Edge/18.18362,"London, UK"
2025-06-11T04:28:11,cgreen,158.227.121.56,Failure,Chrome/91.0.4472.124 (Macintosh),"San Francisco, USA"
2025-06-22T20:59:03,rjohnson,38.31.21.11,Failure,Edge/18.18362,"São Paulo, Brazil"
2025-06-13T05:30:34,asmith,2.118.223.192,Success,Safari/604.1 (iPhone),"San Francisco, USA"
2025-06-05T00:23:05,kblack,37.223.90.214,Failure,Chrome/91.0.4472.124 (Macintosh),"London, UK"
2025-06-14T23:16:40,bjones,81.233.160.229,Success,Chrome/91.0.4472.124 (Macintosh),"Mumbai, India"
2025-06-21T22:56:32,ewhite,132.195.40.206,Failure,Mozilla/5.0 (Linux; Android),"Mumbai, India"
2025-06-01T21:44:47,ewhite,87.39.2.119,Failure,Chrome/91.0.4472.124 (Macintosh),"San Francisco, USA"
2025-06-07T13:33:25,jdoe,111.238.136.128,Success,Edge/18.18362,"Toronto, Canada"
2025-06-22T15:47:50,asmith,137.242.224.248,Failure,Edge/18.18362,"Sydney, Australia"
2025-06-19T16:45:45,cgreen,239.169.224.17,Failure,Mozilla/5.0 (Linux; Android),"Sydney, Australia"
2025-06-08T02:42:00,mwilliams,16.83.198.176,Success,Mozilla/5.0 (Windows NT 10.0; Win64; x64),"São Paulo, Brazil"
2025-06-18T20:56:32,ewhite,246.20.195.93,Success,Mozilla/5.0 (Linux; Android),"Sydney, Australia"
2025-06-10T17:49:51,bjones,197.98.13.199,Failure,Chrome/91.0.4472.124 (Macintosh),"Mumbai, India"
2025-06-13T06:51:02,cgreen,28.31.233.114,Failure,Mozilla/5.0 (Linux; Android),"Cape Town, South Africa"
2025-06-21T15:25:26,mwilliams,56.214.62.3,Success,Mozilla/5.0 (Windows NT 10.0; Win64; x64),"Toronto, Canada"
2025-06-04T12:31:24,mwilliams,216.38.58.181,Failure,Edge/18.18362,"New York, USA"
2025-06-16T15:15:22,lthomas,236.211.75.64,Success,Chrome/91.0.4472.124 (Macintosh),"New York, USA"
2025-06-07T23:45:10,admin,167.163.242.101,Failure,Chrome/91.0.4472.124 (Macintosh),"Cape Town, South Africa"
2025-06-21T05:13:03,lthomas,129.172.96.176,Success,Mozilla/5.0 (Linux; Android),"Sydney, Australia"
2025-06-05T04:25:44,cgreen,224.39.206.22,Success,Chrome/91.0.4472.124 (Macintosh),"Berlin, Germany"
2025-06-05T17:11:20,lthomas,17.47.71.199,Success,Chrome/91.0.4472.124 (Macintosh),"Cape Town, South Africa"
2025-06-05T04:31:07,mwilliams,71.153.182.230,Failure,Mozilla/5.0 (Windows NT 10.0; Win64; x64),"Sydney, Australia"
2025-06-20T15:46:29,lthomas,191.87.93.182,Failure,Chrome/91.0.4472.124 (Macintosh),"Cape Town, South Africa"
2025-06-07T17:54:14,admin,165.168.73.246,Failure,Safari/604.1 (iPhone),"Berlin, Germany"
2025-06-03T12:58:01,rjohnson,139.149.112.95,Failure,Safari/604.1 (iPhone),"London, UK"
2025-06-07T10:10:00,mwilliams,232.44.166.163,Success,Mozilla/5.0 (Linux; Android),"London, UK"
2025-06-13T20:23:00,admin,240.168.131.29,Success,Safari/604.1 (iPhone),"Toronto, Canada"
2025-06-18T22:02:48,asmith,144.75.205.208,Success,Mozilla/5.0 (Windows NT 10.0; Win64; x64),"London, UK"
2025-06-02T00:15:25,bjones,69.241.72.76,Failure,Safari/604.1 (iPhone),"San Francisco, USA"
2025-06-08T00:44:51,cgreen,221.55.104.143,Failure,Edge/18.18362,"Tokyo, Japan"
2025-06-18T22:55:08,cgreen,21.127.42.35,Failure,Chrome/91.0.4472.124 (Macintosh),"Cape Town, South Africa"
2025-06-14T00:21:05,mwilliams,126.122.203.55,Failure,Chrome/91.0.4472.124 (Macintosh),"Cape Town, South Africa"
2025-06-11T03:50:54,jdoe,174.171.126.25,Success,Safari/604.1 (iPhone),"London, UK"
2025-06-20T03:33:31,lthomas,125.34.165.170,Failure,Edge/18.18362,"Cape Town, South Africa"
2025-06-13T17:53:40,ewhite,39.215.252.126,Success,Mozilla/5.0 (Windows NT 10.0; Win64; x64),"Tokyo, Japan"
2025-06-19T05:54:14,cgreen,114.135.176.206,Success,Mozilla/5.0 (Linux; Android),"London, UK"
2025-06-05T22:38:11,mwilliams,109.30.22.237,Failure,Mozilla/5.0 (Windows NT 10.0; Win64; x64),"São Paulo, Brazil"
2025-06-22T12:44:22,admin,222.217.94.223,Failure,Safari/604.1 (iPhone),"New York, USA"
2025-06-21T02:09:49,jdoe,95.226.153.138,Success,Mozilla/5.0 (Linux; Android),"Sydney, Australia"
2025-06-02T01:36:30,jdoe,245.59.1.8,Success,Safari/604.1 (iPhone),"Mumbai, India"
2025-06-21T14:57:54,asmith,19.121.86.4,Failure,Mozilla/5.0 (Linux; Android),"Mumbai, India"
2025-06-09T13:13:44,asmith,128.133.131.205,Failure,Mozilla/5.0 (Windows NT 10.0; Win64; x64),"Toronto, Canada"
2025-06-21T23:49:36,rjohnson,117.1.43.64,Success,Safari/604.1 (iPhone),"New York, USA"
2025-06-19T07:57:01,ewhite,245.8.135.172,Success,Chrome/91.0.4472.124 (Macintosh),"San Francisco, USA"
2025-06-10T00:11:30,cgreen,36.172.146.51,Failure,Mozilla/5.0 (Windows NT 10.0; Win64; x64),"Toronto, Canada"
2025-06-01T19:39:05,mwilliams,121.121.75.193,Failure,Mozilla/5.0 (Linux; Android),"Mumbai, India"
2025-06-21T02:42:30,bjones,143.106.102.152,Failure,Chrome/91.0.4472.124 (Macintosh),"São Paulo, Brazil"
2025-06-10T16:40:42,admin,120.16.182.201,Failure,Mozilla/5.0 (Linux; Android),"Sydney, Australia"
2025-06-07T16:09:58,jdoe,32.134.242.226,Failure,Chrome/91.0.4472.124 (Macintosh),"Cape Town, South Africa"
2025-06-04T22:38:07,cgreen,150.95.29.83,Success,Safari/604.1 (iPhone),"Sydney, Australia"
2025-06-01T03:50:27,mwilliams,175.253.149.147,Failure,Edge/18.18362,"Sydney, Australia"
2025-06-05T16:03:55,rjohnson,228.70.220.46,Success,Safari/604.1 (iPhone),"London, UK"
2025-06-04T23:35:41,ewhite,224.18.183.7,Success,Safari/604.1 (iPhone),"Cape Town, South Africa"
2025-06-10T10:52:06,admin,8.192.220.230,Failure,Edge/18.18362,"Mumbai, India"
2025-06-05T20:21:57,jdoe,9.158.63.48,Success,Mozilla/5.0 (Windows NT 10.0; Win64; x64),"New York, USA"
2025-06-14T03:55:16,jdoe,141.200.174.153,Failure,Chrome/91.0.4472.124 (Macintosh),"London, UK"
2025-06-11T23:45:55,jdoe,131.23.84.71,Success,Safari/604.1 (iPhone),"Toronto, Canada"
2025-06-12T12:19:19,asmith,18.24.160.229,Success,Mozilla/5.0 (Linux; Android),"Tokyo, Japan"
2025-06-06T06:37:17,asmith,174.196.161.191,Success,Edge/18.18362,"New York, USA"
2025-06-03T01:39:33,admin,207.236.74.49,Failure,Chrome/91.0.4472.124 (Macintosh),"Tokyo, Japan"
2025-06-12T05:24:46,cgreen,250.74.251.100,Failure,Chrome/91.0.4472.124 (Macintosh),"San Francisco, USA"
2025-06-19T16:16:55,bjones,83.186.193.131,Success,Mozilla/5.0 (Linux; Android),"New York, USA"
2025-06-01T04:19:53,lthomas,116.79.146.227,Success,Safari/604.1 (iPhone),"Tokyo, Japan"
2025-06-03T12:17:51,kblack,163.15.172.186,Success,Mozilla/5.0 (Windows NT 10.0; Win64; x64),"Sydney, Australia"
2025-06-10T15:39:56,kblack,110.135.23.43,Failure,Mozilla/5.0 (Linux; Android),"Tokyo, Japan"
2025-06-04T10:24:32,kblack,100.196.27.2,Failure,Mozilla/5.0 (Linux; Android),"Berlin, Germany"
2025-06-11T20:39:47,ewhite,214.99.64.49,Success,Chrome/91.0.4472.124 (Macintosh),"Tokyo, Japan"
2025-06-10T01:44:43,jdoe,99.95.226.61,Failure,Chrome/91.0.4472.124 (Macintosh),"Tokyo, Japan"
2025-06-15T02:25:09,asmith,128.27.216.56,Success,Mozilla/5.0 (Windows NT 10.0; Win64; x64),"Toronto, Canada"
2025-06-03T14:07:39,mwilliams,105.106.96.148,Failure,Edge/18.18362,"Sydney, Australia"
2025-06-22T09:38:47,admin,112.70.203.17,Failure,Chrome/91.0.4472.124 (Macintosh),"Mumbai, India"
2025-06-16T07:18:15,mwilliams,43.53.72.238,Failure,Chrome/91.0.4472.124 (Macintosh),"New York, USA"
2025-06-06T10:59:13,cgreen,86.190.90.179,Failure,Chrome/91.0.4472.124 (Macintosh),"New York, USA"
2025-06-20T17:47:34,cgreen,238.28.94.141,Failure,Safari/604.1 (iPhone),"London, UK"
2025-06-19T00:19:11,admin,239.108.127.119,Failure,Edge/18.18362,"Mumbai, India"
2025-06-12T08:18:15,ewhite,204.48.59.135,Failure,Mozilla/5.0 (Windows NT 10.0; Win64; x64),"Sydney, Australia"
2025-06-05T09:59:54,kblack,217.249.146.163,Failure,Edge/18.18362,"London, UK"
2025-06-05T06:36:26,ewhite,32.11.71.94,Success,Safari/604.1 (iPhone),"Sydney, Australia"
2025-06-16T02:15:34,jdoe,153.6.213.26,Success,Safari/604.1 (iPhone),"Sydney, Australia"
2025-06-04T22:03:37,kblack,120.177.46.155,Success,Edge/18.18362,"Sydney, Australia"
2025-06-09T00:19:08,bjones,103.234.7.253,Failure,Mozilla/5.0 (Linux; Android),"Toronto, Canada"
2025-06-13T15:38:58,admin,208.254.233.68,Success,Safari/604.1 (iPhone),"Cape Town, South Africa"
2025-06-12T18:44:20,asmith,145.215.161.116,Success,Mozilla/5.0 (Windows NT 10.0; Win64; x64),"San Francisco, USA"
2025-06-03T20:59:51,lthomas,183.88.92.245,Failure,Safari/604.1 (iPhone),"New York, USA"
2025-06-14T20:34:08,rjohnson,93.226.49.196,Success,Chrome/91.0.4472.124 (Macintosh),"San Francisco, USA"
2025-06-21T19:52:38,asmith,156.238.190.175,Failure,Safari/604.1 (iPhone),"Tokyo, Japan"
2025-06-21T10:02:36,asmith,95.64.56.17,Success,Safari/604.1 (iPhone),"New York, USA"
2025-06-05T12:30:40,bjones,99.170.186.118,Success,Mozilla/5.0 (Windows NT 10.0; Win64; x64),"Mumbai, India"
2025-06-16T14:56:05,bjones,84.13.165.167,Failure,Mozilla/5.0 (Linux; Android),"London, UK"
2025-06-16T16:13:29,lthomas,208.221.170.38,Success,Mozilla/5.0 (Windows NT 10.0; Win64; x64),"Tokyo, Japan"
2025-06-06T18:42:38,cgreen,1.67.43.246,Failure,Edge/18.18362,"Mumbai, India"
2025-06-21T16:49:19,admin,123.119.38.129,Failure,Safari/604.1 (iPhone),"Cape Town, South Africa"
2025-06-20T07:16:23,ewhite,195.138.226.130,Success,Edge/18.18362,"Sydney, Australia"
2025-06-13T22:22:28,bjones,175.193.114.238,Failure,Mozilla/5.0 (Linux; Android),"Toronto, Canada"
2025-06-15T22:07:33,cgreen,7.72.67.190,Failure,Safari/604.1 (iPhone),"Toronto, Canada"
2025-06-01T01:00:34,rjohnson,182.214.147.157,Failure,Safari/604.1 (iPhone),"Cape Town, South Africa"
2025-06-02T04:49:05,kblack,242.182.128.168,Success,Mozilla/5.0 (Linux; Android),"Berlin, Germany"
2025-06-05T22:37:17,ewhite,7.12.251.206,Success,Safari/604.1 (iPhone),"São Paulo, Brazil"
2025-06-12T15:05:30,lthomas,149.164.188.102,Success,Mozilla/5.0 (Windows NT 10.0; Win64; x64),"Mumbai, India"
2025-06-20T14:58:04,admin,92.99.116.23,Failure,Chrome/91.0.4472.124 (Macintosh),"Sydney, Australia"
2025-06-16T23:06:58,kblack,31.230.128.200,Success,Mozilla/5.0 (Windows NT 10.0; Win64; x64),"Berlin, Germany"
2025-06-14T09:43:47,lthomas,59.143.254.251,Failure,Mozilla/5.0 (Windows NT 10.0; Win64; x64),"Berlin, Germany"
2025-06-18T07:10:58,rjohnson,115.209.230.61,Success,Safari/604.1 (iPhone),"Toronto, Canada"
2025-06-14T09:50:11,jdoe,211.81.205.30,Failure,Mozilla/5.0 (Windows NT 10.0; Win64; x64),"Tokyo, Japan"
2025-06-01T08:52:41,bjones,16.159.99.50,Failure,Safari/604.1 (iPhone),"Sydney, Australia"
2025-06-01T23:33:57,mwilliams,125.233.248.138,Success,Edge/18.18362,"Toronto, Canada"
2025-06-11T17:43:28,cgreen,104.200.152.209,Success,Edge/18.18362,"Tokyo, Japan"
2025-06-22T03:59:52,kblack,17.177.18.62,Success,Edge/18.18362,"Tokyo, Japan"
2025-06-08T11:43:22,mwilliams,193.232.51.37,Success,Mozilla/5.0 (Windows NT 10.0; Win64; x64),"San Francisco, USA"
2025-06-06T09:29:09,bjones,230.87.174.62,Failure,Safari/604.1 (iPhone),"Cape Town, South Africa"
2025-06-16T19:01:59,cgreen,49.24.211.181,Success,Mozilla/5.0 (Linux; Android),"New York, USA"
2025-06-10T15:56:32,ewhite,62.207.79.57,Failure,Mozilla/5.0 (Linux; Android),"Berlin, Germany"
2025-06-04T07:28:26,asmith,58.149.249.115,Failure,Mozilla/5.0 (Linux; Android),"Mumbai, India"
2025-06-01T06:24:17,mwilliams,72.131.235.117,Success,Safari/604.1 (iPhone),"Tokyo, Japan"
2025-06-10T07:33:29,kblack,201.208.28.161,Failure,Edge/18.18362,"San Francisco, USA"
2025-06-17T11:01:10,cgreen,208.56.138.227,Failure,Edge/18.18362,"Toronto, Canada"
2025-06-17T00:38:29,admin,144.52.179.95,Success,Safari/604.1 (iPhone),"San Francisco, USA"
2025-06-09T21:09:58,mwilliams,101.253.181.158,Failure,Mozilla/5.0 (Linux; Android),"London, UK"
2025-06-04T00:39:21,ewhite,55.169.179.214,Failure,Chrome/91.0.4472.124 (Macintosh),"San Francisco, USA"
2025-06-08T02:49:33,jdoe,51.205.242.80,Success,Safari/604.1 (iPhone),"São Paulo, Brazil"
2025-06-16T12:52:36,cgreen,10.231.6.30,Failure,Mozilla/5.0 (Windows NT 10.0; Win64; x64),"São Paulo, Brazil"
2025-06-13T23:09:18,cgreen,97.181.189.245,Success,Mozilla/5.0 (Linux; Android),"London, UK"
2025-06-16T21:23:54,rjohnson,35.117.126.249,Success,Edge/18.18362,"Mumbai, India"
2025-06-14T05:34:01,lthomas,53.90.35.81,Success,Mozilla/5.0 (Linux; Android),"San Francisco, USA"
2025-06-16T11:25:40,jdoe,220.53.56.224,Success,Chrome/91.0.4472.124 (Macintosh),"Tokyo, Japan"
2025-06-12T05:47:55,jdoe,133.23.247.130,Failure,Mozilla/5.0 (Windows NT 10.0; Win64; x64),"San Francisco, USA"
2025-06-17T04:36:07,kblack,177.2.102.179,Failure,Mozilla/5.0 (Linux; Android),"San Francisco, USA"
2025-06-16T01:09:48,ewhite,229.7.191.44,Failure,Mozilla/5.0 (Windows NT 10.0; Win64; x64),"São Paulo, Brazil"
2025-06-08T14:27:19,rjohnson,254.192.118.146,Failure,Edge/18.18362,"Toronto, Canada"
2025-06-22T15:55:47,cgreen,85.167.193.249,Failure,Safari/604.1 (iPhone),"New York, USA"
2025-06-22T13:22:10,bjones,59.250.80.74,Success,Safari/604.1 (iPhone),"Berlin, Germany"
2025-06-17T16:40:24,admin,156.133.73.174,Failure,Edge/18.18362,"Berlin, Germany"
2025-06-20T23:59:07,lthomas,112.22.49.109,Failure,Chrome/91.0.4472.124 (Macintosh),"London, UK"
2025-06-21T22:36:52,admin,76.142.24.179,Failure,Mozilla/5.0 (Windows NT 10.0; Win64; x64),"San Francisco, USA"
2025-06-18T01:40:52,cgreen,148.165.77.240,Success,Safari/604.1 (iPhone),"London, UK"
2025-06-13T10:29:39,admin,86.16.196.103,Failure,Mozilla/5.0 (Linux; Android),"Sydney, Australia"
2025-06-17T02:49:19,kblack,31.11.158.111,Failure,Safari/604.1 (iPhone),"Berlin, Germany"
2025-06-18T02:35:46,ewhite,49.159.141.0,Success,Chrome/91.0.4472.124 (Macintosh),"Sydney, Australia"
2025-06-19T16:40:07,cgreen,82.220.216.136,Success,Safari/604.1 (iPhone),"Tokyo, Japan"
2025-06-06T03:13:54,ewhite,11.143.21.72,Failure,Mozilla/5.0 (Windows NT 10.0; Win64; x64),"São Paulo, Brazil"
2025-06-22T14:18:57,bjones,183.94.73.89,Success,Safari/604.1 (iPhone),"New York, USA"
2025-06-22T08:00:36,admin,238.88.48.254,Success,Chrome/91.0.4472.124 (Macintosh),"Tokyo, Japan"
2025-06-12T13:58:46,mwilliams,102.167.4.65,Failure,Edge/18.18362,"Cape Town, South Africa"
2025-06-21T01:03:01,jdoe,132.213.237.176,Failure,Mozilla/5.0 (Linux; Android),"Berlin, Germany"
2025-06-07T03:00:23,lthomas,213.183.26.150,Success,Edge/18.18362,"Sydney, Australia"
2025-06-09T11:15:54,admin,62.47.141.124,Success,Mozilla/5.0 (Linux; Android),"São Paulo, Brazil"
2025-06-18T09:28:33,admin,135.87.246.113,Failure,Mozilla/5.0 (Linux; Android),"London, UK"
2025-06-17T23:01:35,mwilliams,91.38.219.33,Failure,Mozilla/5.0 (Linux; Android),"San Francisco, USA"
2025-06-11T05:20:52,cgreen,14.145.165.177,Failure,Mozilla/5.0 (Linux; Android),"São Paulo, Brazil"
2025-06-01T19:12:11,jdoe,201.174.39.77,Success,Mozilla/5.0 (Linux; Android),"Cape Town, South Africa"
2025-06-21T15:35:15,bjones,97.28.124.164,Failure,Safari/604.1 (iPhone),"Berlin, Germany"
2025-06-18T22:23:18,jdoe,159.147.213.2,Failure,Mozilla/5.0 (Linux; Android),"Cape Town, South Africa"
2025-06-22T17:15:18,asmith,17.58.78.67,Failure,Edge/18.18362,"Berlin, Germany"
2025-06-18T05:26:42,ewhite,208.70.104.124,Failure,Edge/18.18362,"San Francisco, USA"
2025-06-01T18:53:19,jdoe,68.219.40.100,Failure,Edge/18.18362,"Tokyo, Japan"
2025-06-02T21:57:50,jdoe,51.126.182.248,Success,Safari/604.1 (iPhone),"London, UK"
2025-06-06T00:07:38,bjones,118.203.163.129,Success,Mozilla/5.0 (Windows NT 10.0; Win64; x64),"New York, USA"
2025-06-11T18:20:42,admin,123.66.178.105,Success,Mozilla/5.0 (Windows NT 10.0; Win64; x64),"Cape Town, South Africa"
2025-06-22T00:02:32,kblack,72.236.73.45,Success,Edge/18.18362,"Cape Town, South Africa"
2025-06-14T16:37:31,admin,153.132.189.10,Failure,Mozilla/5.0 (Linux; Android),"Mumbai, India"
2025-06-03T02:54:54,asmith,116.47.147.28,Failure,Chrome/91.0.4472.124 (Macintosh),"São Paulo, Brazil"
2025-06-19T03:01:21,rjohnson,254.70.83.160,Success,Safari/604.1 (iPhone),"São Paulo, Brazil"
2025-06-08T12:49:23,mwilliams,35.254.69.173,Success,Edge/18.18362,"Cape Town, South Africa"
2025-06-10T07:57:11,jdoe,182.24.44.29,Success,Chrome/91.0.4472.124 (Macintosh),"Mumbai, India"
2025-06-12T06:58:52,admin,17.146.77.160,Failure,Mozilla/5.0 (Linux; Android),"Sydney, Australia"
2025-06-12T22:16:00,kblack,235.7.95.1,Failure,Safari/604.1 (iPhone),"São Paulo, Brazil"
2025-06-01T12:36:02,bjones,124.50.168.22,Success,Mozilla/5.0 (Windows NT 10.0; Win64; x64),"Cape Town, South Africa"
2025-06-07T15:58:47,admin,96.54.100.79,Success,Edge/18.18362,"Toronto, Canada"
2025-06-03T20:41:36,admin,225.151.77.238,Failure,Safari/604.1 (iPhone),"São Paulo, Brazil"
2025-06-06T09:24:34,admin,169.52.128.72,Success,Edge/18.18362,"Berlin, Germany"
2025-06-11T16:31:35,admin,255.244.203.244,Success,Edge/18.18362,"Sydney, Australia"
2025-06-19T13:04:47,kblack,54.243.131.123,Failure,Mozilla/5.0 (Windows NT 10.0; Win64; x64),"Cape Town, South Africa"
2025-06-16T09:31:34,ewhite,123.89.148.247,Success,Edge/18.18362,"Cape Town, South Africa"
2025-06-18T19:25:36,kblack,58.149.125.74,Failure,Mozilla/5.0 (Windows NT 10.0; Win64; x64),"San Francisco, USA"
2025-06-06T19:43:47,admin,157.205.89.85,Success,Edge/18.18362,"Berlin, Germany"
2025-06-01T12:51:45,admin,245.182.104.109,Success,Safari/604.1 (iPhone),"London, UK"
2025-06-10T08:48:54,ewhite,31.131.211.33,Success,Mozilla/5.0 (Windows NT 10.0; Win64; x64),"Tokyo, Japan"
2025-06-12T22:58:07,bjones,1.85.245.99,Success,Safari/604.1 (iPhone),"London, UK"
2025-06-19T01:07:41,kblack,87.120.79.235,Failure,Edge/18.18362,"Tokyo, Japan"
2025-06-14T23:56:54,jdoe,182.240.241.145,Failure,Safari/604.1 (iPhone),"Tokyo, Japan"
2025-06-19T08:04:48,ewhite,116.119.25.218,Failure,Edge/18.18362,"Mumbai, India"
2025-06-14T09:03:09,mwilliams,244.167.46.106,Failure,Edge/18.18362,"Tokyo, Japan"
2025-06-02T23:17:59,rjohnson,144.72.209.23,Success,Safari/604.1 (iPhone),"Cape Town, South Africa"
2025-06-02T03:38:06,mwilliams,187.224.166.240,Success,Safari/604.1 (iPhone),"São Paulo, Brazil"
