incident_id,report_time,category,detected_by,response_time_minutes,resolution_status
INC-00001,2025-06-03T12:48:04,Malware Infection,Antivirus,99,In Progress
INC-00002,2025-06-15T17:01:39,Phishing,System Logs,201,Resolved
INC-00003,2025-06-19T11:06:37,Policy Violation,Antivirus,11,Resolved
INC-00004,2025-06-22T14:06:03,Unauthorized Access,System Logs,99,Resolved
INC-00005,2025-06-02T07:05:06,Data Leak,Antivirus,141,Not Started
INC-00006,2025-06-11T05:07:01,Phishing,System Logs,60,Resolved
INC-00007,2025-06-11T23:25:04,Policy Violation,IDS,106,Resolved
INC-00008,2025-06-13T11:02:12,Phishing,Human,67,Not Started
INC-00009,2025-06-19T00:44:06,Policy Violation,System Logs,122,Resolved
INC-00010,2025-06-02T03:02:45,DDoS Attempt,IDS,85,Resolved
INC-00011,2025-06-17T18:05:22,Malware Infection,System Logs,89,Resolved
INC-00012,2025-06-11T08:57:09,Malware Infection,System Logs,80,Resolved
INC-00013,2025-06-19T08:48:24,Unauthorized Access,Human,60,In Progress
INC-00014,2025-06-11T06:45:07,Malware Infection,Antivirus,82,In Progress
INC-00015,2025-06-08T13:35:27,Policy Violation,IDS,62,In Progress
INC-00016,2025-06-19T19:30:45,Malware Infection,Antivirus,65,In Progress
INC-00017,2025-06-10T18:26:49,Policy Violation,IDS,89,In Progress
INC-00018,2025-06-02T09:33:53,Data Leak,Human,58,In Progress
INC-00019,2025-06-15T11:56:15,Data Leak,Human,115,Resolved
INC-00020,2025-06-08T13:49:27,DDoS Attempt,IDS,124,In Progress
INC-00021,2025-06-15T09:41:24,Policy Violation,Antivirus,130,Resolved
INC-00022,2025-06-10T01:32:47,Malware Infection,Human,83,Resolved
INC-00023,2025-06-15T13:41:24,DDoS Attempt,Antivirus,131,In Progress
INC-00024,2025-06-04T02:49:37,Policy Violation,IDS,92,In Progress
INC-00025,2025-06-04T02:36:43,Data Leak,IDS,53,In Progress
INC-00026,2025-06-14T19:22:01,DDoS Attempt,System Logs,126,Not Started
INC-00027,2025-06-14T13:58:50,Phishing,System Logs,187,Not Started
INC-00028,2025-06-05T15:08:28,Phishing,IDS,183,In Progress
INC-00029,2025-06-22T14:39:40,Policy Violation,IDS,87,Resolved
INC-00030,2025-06-07T07:32:02,Unauthorized Access,System Logs,13,Resolved
INC-00031,2025-06-09T17:41:57,Malware Infection,Human,43,Resolved
INC-00032,2025-06-09T00:47:14,DDoS Attempt,IDS,114,Resolved
INC-00033,2025-06-02T07:36:45,Malware Infection,Antivirus,149,Not Started
INC-00034,2025-06-19T11:41:19,Phishing,System Logs,37,Not Started
INC-00035,2025-06-22T21:46:00,Data Leak,System Logs,5,Not Started
INC-00036,2025-06-17T04:33:30,Phishing,IDS,77,In Progress
INC-00037,2025-06-16T08:36:12,Unauthorized Access,Human,57,Resolved
INC-00038,2025-06-09T15:28:57,Phishing,Human,103,In Progress
INC-00039,2025-06-21T01:11:29,Malware Infection,System Logs,53,Resolved
INC-00040,2025-06-10T07:08:06,Phishing,IDS,33,In Progress
INC-00041,2025-06-07T12:23:38,Policy Violation,System Logs,115,In Progress
INC-00042,2025-06-09T07:22:57,Malware Infection,System Logs,158,In Progress
INC-00043,2025-06-04T02:43:25,DDoS Attempt,Antivirus,43,In Progress
INC-00044,2025-06-10T00:01:27,DDoS Attempt,IDS,154,In Progress
INC-00045,2025-06-22T17:10:07,Malware Infection,System Logs,52,Resolved
INC-00046,2025-06-10T10:16:02,Data Leak,Antivirus,179,Resolved
INC-00047,2025-06-13T03:57:32,DDoS Attempt,Antivirus,112,Resolved
INC-00048,2025-06-21T07:54:52,Phishing,Antivirus,69,In Progress
INC-00049,2025-06-10T23:54:48,Policy Violation,Antivirus,67,Resolved
INC-00050,2025-06-13T00:31:30,DDoS Attempt,System Logs,72,In Progress
INC-00051,2025-06-13T04:06:20,Policy Violation,Human,52,Resolved
INC-00052,2025-06-16T18:25:53,Unauthorized Access,IDS,95,Resolved
INC-00053,2025-06-14T19:31:25,Phishing,Human,60,Resolved
INC-00054,2025-06-20T02:22:24,DDoS Attempt,Antivirus,116,Not Started
INC-00055,2025-06-09T04:47:10,Data Leak,IDS,80,Resolved
INC-00056,2025-06-22T10:03:57,Unauthorized Access,Human,52,In Progress
INC-00057,2025-06-07T03:23:17,Data Leak,Human,71,Resolved
INC-00058,2025-06-14T03:27:19,Phishing,System Logs,14,Resolved
INC-00059,2025-06-08T10:11:10,Data Leak,System Logs,86,Resolved
INC-00060,2025-06-20T15:50:50,Phishing,Antivirus,87,In Progress
INC-00061,2025-06-09T08:07:19,DDoS Attempt,IDS,108,Resolved
INC-00062,2025-06-05T07:21:25,Unauthorized Access,Human,159,Resolved
INC-00063,2025-06-06T17:03:39,Phishing,Antivirus,25,Resolved
INC-00064,2025-06-18T22:40:42,Policy Violation,Antivirus,55,Resolved
INC-00065,2025-06-03T22:33:01,DDoS Attempt,Antivirus,96,In Progress
INC-00066,2025-06-16T16:20:06,Policy Violation,System Logs,121,Resolved
INC-00067,2025-06-13T02:11:41,Data Leak,IDS,14,In Progress
INC-00068,2025-06-14T22:03:16,Policy Violation,Antivirus,67,In Progress
INC-00069,2025-06-19T06:17:58,Malware Infection,IDS,45,In Progress
INC-00070,2025-06-11T16:10:58,Data Leak,Human,30,Not Started
INC-00071,2025-06-18T18:49:35,Data Leak,Human,98,Resolved
INC-00072,2025-06-09T19:17:10,Data Leak,Antivirus,59,Resolved
INC-00073,2025-06-03T21:49:38,Unauthorized Access,IDS,46,In Progress
INC-00074,2025-06-07T19:43:07,Policy Violation,IDS,53,Resolved
INC-00075,2025-06-08T07:27:28,Malware Infection,System Logs,29,Resolved
INC-00076,2025-06-16T20:11:31,Phishing,Human,86,Resolved
INC-00077,2025-06-03T18:26:05,Policy Violation,Antivirus,79,Resolved
INC-00078,2025-06-18T12:27:18,Unauthorized Access,IDS,44,Resolved
INC-00079,2025-06-18T13:26:27,Phishing,System Logs,170,In Progress
INC-00080,2025-06-08T14:04:36,Malware Infection,Antivirus,156,Resolved
INC-00081,2025-06-10T21:34:50,DDoS Attempt,Antivirus,136,Resolved
INC-00082,2025-06-07T16:57:04,Data Leak,IDS,26,Resolved
INC-00083,2025-06-05T14:12:57,Policy Violation,System Logs,53,In Progress
INC-00084,2025-06-16T05:34:26,Unauthorized Access,Human,112,Resolved
INC-00085,2025-06-15T06:51:50,Data Leak,System Logs,5,Not Started
INC-00086,2025-06-09T10:38:09,DDoS Attempt,System Logs,77,Resolved
INC-00087,2025-06-08T10:47:11,Phishing,System Logs,5,In Progress
INC-00088,2025-06-10T08:40:28,Policy Violation,System Logs,104,In Progress
INC-00089,2025-06-17T00:45:56,Phishing,IDS,119,In Progress
INC-00090,2025-06-21T18:19:57,DDoS Attempt,System Logs,57,In Progress
INC-00091,2025-06-06T12:58:49,DDoS Attempt,Antivirus,115,In Progress
INC-00092,2025-06-07T12:36:11,Phishing,Antivirus,44,Resolved
INC-00093,2025-06-19T23:39:58,DDoS Attempt,Human,125,Resolved
INC-00094,2025-06-01T22:25:20,Data Leak,System Logs,68,Resolved
INC-00095,2025-06-13T22:05:10,DDoS Attempt,Antivirus,49,Resolved
INC-00096,2025-06-01T17:38:05,DDoS Attempt,Antivirus,132,In Progress
INC-00097,2025-06-19T09:00:27,Unauthorized Access,IDS,79,Resolved
INC-00098,2025-06-03T11:01:51,Data Leak,Human,128,Resolved
INC-00099,2025-06-05T22:38:02,Malware Infection,Human,85,Resolved
INC-00100,2025-06-13T13:33:36,Phishing,Antivirus,55,In Progress
INC-00101,2025-06-11T14:56:38,Malware Infection,Human,82,In Progress
INC-00102,2025-06-10T18:52:28,DDoS Attempt,System Logs,39,Resolved
INC-00103,2025-06-17T20:25:33,DDoS Attempt,Antivirus,83,Not Started
INC-00104,2025-06-21T01:11:50,Policy Violation,Antivirus,139,In Progress
INC-00105,2025-06-09T07:00:12,Data Leak,Human,126,Resolved
INC-00106,2025-06-01T07:59:29,Malware Infection,Antivirus,152,In Progress
INC-00107,2025-06-04T17:46:50,DDoS Attempt,Antivirus,125,Resolved
INC-00108,2025-06-13T16:29:06,Policy Violation,Human,105,Resolved
INC-00109,2025-06-16T09:06:24,Malware Infection,Human,160,Resolved
INC-00110,2025-06-13T03:53:24,Unauthorized Access,Antivirus,107,In Progress
INC-00111,2025-06-12T19:20:21,Data Leak,System Logs,38,In Progress
INC-00112,2025-06-07T01:22:28,Malware Infection,System Logs,81,Resolved
INC-00113,2025-06-01T01:19:34,Phishing,Human,94,Resolved
INC-00114,2025-06-11T17:01:44,Unauthorized Access,Antivirus,42,Resolved
INC-00115,2025-06-03T17:13:25,Policy Violation,IDS,45,In Progress
INC-00116,2025-06-06T02:39:36,Policy Violation,Antivirus,146,In Progress
INC-00117,2025-06-10T22:07:27,Phishing,IDS,29,Not Started
INC-00118,2025-06-13T04:44:30,Data Leak,Antivirus,105,In Progress
INC-00119,2025-06-15T14:08:32,DDoS Attempt,Antivirus,145,Resolved
INC-00120,2025-06-04T05:43:54,Unauthorized Access,System Logs,96,In Progress
INC-00121,2025-06-07T03:21:10,Data Leak,System Logs,107,Resolved
INC-00122,2025-06-20T22:51:39,Malware Infection,System Logs,91,In Progress
INC-00123,2025-06-02T00:31:33,DDoS Attempt,Human,127,In Progress
INC-00124,2025-06-14T22:17:15,DDoS Attempt,System Logs,100,Resolved
INC-00125,2025-06-09T23:26:34,Phishing,System Logs,88,Resolved
INC-00126,2025-06-11T21:53:27,Data Leak,Human,53,In Progress
INC-00127,2025-06-01T06:58:06,Unauthorized Access,Antivirus,196,Resolved
INC-00128,2025-06-10T04:34:40,DDoS Attempt,Human,124,Not Started
INC-00129,2025-06-20T06:20:11,DDoS Attempt,IDS,162,Resolved
INC-00130,2025-06-02T02:02:54,Malware Infection,Human,79,In Progress
INC-00131,2025-06-17T07:12:36,Phishing,IDS,5,Resolved
INC-00132,2025-06-06T23:01:54,Malware Infection,IDS,86,Resolved
INC-00133,2025-06-03T20:23:42,Unauthorized Access,IDS,50,In Progress
INC-00134,2025-06-05T22:21:51,Malware Infection,System Logs,78,Resolved
INC-00135,2025-06-19T05:03:37,Unauthorized Access,Human,159,Resolved
INC-00136,2025-06-21T10:19:39,Phishing,IDS,137,Resolved
INC-00137,2025-06-15T23:44:33,Data Leak,IDS,5,Resolved
INC-00138,2025-06-05T15:22:39,Malware Infection,Antivirus,106,Resolved
INC-00139,2025-06-05T18:44:08,Phishing,Antivirus,128,Resolved
INC-00140,2025-06-01T11:29:45,Policy Violation,System Logs,153,Resolved
INC-00141,2025-06-08T10:39:49,Unauthorized Access,IDS,42,Resolved
INC-00142,2025-06-02T05:53:04,Data Leak,Antivirus,75,Not Started
INC-00143,2025-06-07T04:05:47,Policy Violation,IDS,21,Resolved
INC-00144,2025-06-08T03:41:31,DDoS Attempt,IDS,146,Resolved
INC-00145,2025-06-05T07:21:36,DDoS Attempt,Antivirus,24,Resolved
INC-00146,2025-06-19T07:02:37,Unauthorized Access,System Logs,77,In Progress
INC-00147,2025-06-21T23:55:10,Data Leak,Human,20,Resolved
INC-00148,2025-06-15T01:22:09,Policy Violation,IDS,55,Resolved
INC-00149,2025-06-22T10:19:30,Unauthorized Access,System Logs,10,Resolved
INC-00150,2025-06-12T07:56:36,Unauthorized Access,System Logs,110,In Progress
INC-00151,2025-06-12T13:07:16,Unauthorized Access,Human,77,Not Started
INC-00152,2025-06-21T22:09:51,DDoS Attempt,IDS,131,Resolved
INC-00153,2025-06-22T18:01:22,Phishing,System Logs,92,Not Started
INC-00154,2025-06-13T14:20:03,Policy Violation,System Logs,200,Not Started
INC-00155,2025-06-04T21:09:04,Data Leak,IDS,102,Resolved
INC-00156,2025-06-22T19:13:32,Phishing,Antivirus,128,Resolved
INC-00157,2025-06-21T14:10:46,Unauthorized Access,Antivirus,61,Resolved
INC-00158,2025-06-07T23:40:07,Policy Violation,Human,56,Resolved
INC-00159,2025-06-19T15:26:39,Unauthorized Access,System Logs,127,Resolved
INC-00160,2025-06-09T17:45:09,Policy Violation,System Logs,232,Resolved
INC-00161,2025-06-03T10:01:31,Unauthorized Access,Human,53,Not Started
INC-00162,2025-06-02T23:54:50,Malware Infection,Antivirus,186,Resolved
INC-00163,2025-06-09T06:51:00,DDoS Attempt,IDS,101,In Progress
INC-00164,2025-06-13T09:19:48,Unauthorized Access,System Logs,111,Resolved
INC-00165,2025-06-14T10:34:05,Data Leak,Human,150,Resolved
INC-00166,2025-06-07T17:00:28,Data Leak,Antivirus,33,Resolved
INC-00167,2025-06-20T03:39:44,Policy Violation,IDS,71,Resolved
INC-00168,2025-06-15T01:19:55,Data Leak,Antivirus,111,Not Started
INC-00169,2025-06-14T05:05:38,Policy Violation,Human,73,In Progress
INC-00170,2025-06-09T06:26:39,Malware Infection,Antivirus,81,Resolved
INC-00171,2025-06-10T00:46:00,Malware Infection,System Logs,44,Resolved
INC-00172,2025-06-17T07:56:07,Malware Infection,IDS,106,In Progress
INC-00173,2025-06-04T00:24:29,Phishing,Human,73,In Progress
INC-00174,2025-06-15T15:14:30,Data Leak,Antivirus,64,In Progress
INC-00175,2025-06-06T18:25:48,DDoS Attempt,Human,57,In Progress
INC-00176,2025-06-09T03:55:47,Unauthorized Access,System Logs,57,In Progress
INC-00177,2025-06-09T12:36:10,Data Leak,Human,25,In Progress
INC-00178,2025-06-18T11:16:51,DDoS Attempt,System Logs,128,In Progress
INC-00179,2025-06-05T21:13:29,Unauthorized Access,Antivirus,5,Not Started
INC-00180,2025-06-06T20:36:04,Unauthorized Access,IDS,99,Resolved
INC-00181,2025-06-19T05:34:02,Malware Infection,System Logs,13,Resolved
INC-00182,2025-06-12T12:52:36,DDoS Attempt,System Logs,89,Not Started
INC-00183,2025-06-12T06:14:47,DDoS Attempt,System Logs,159,Resolved
INC-00184,2025-06-17T02:13:59,Malware Infection,System Logs,39,In Progress
INC-00185,2025-06-03T05:46:00,Malware Infection,Human,131,Resolved
INC-00186,2025-06-05T09:28:42,Data Leak,Antivirus,95,Resolved
INC-00187,2025-06-13T16:06:08,Unauthorized Access,IDS,131,In Progress
INC-00188,2025-06-17T20:43:30,Unauthorized Access,Antivirus,82,Resolved
INC-00189,2025-06-07T14:40:43,DDoS Attempt,IDS,89,Not Started
INC-00190,2025-06-20T18:43:40,Data Leak,System Logs,161,In Progress
INC-00191,2025-06-08T14:15:21,Phishing,IDS,209,Resolved
INC-00192,2025-06-15T22:00:20,Malware Infection,IDS,128,In Progress
INC-00193,2025-06-08T05:17:10,DDoS Attempt,System Logs,35,Resolved
INC-00194,2025-06-11T23:26:37,Policy Violation,IDS,143,In Progress
INC-00195,2025-06-02T10:03:22,Unauthorized Access,System Logs,51,Resolved
INC-00196,2025-06-08T11:11:48,DDoS Attempt,IDS,95,Resolved
INC-00197,2025-06-07T22:30:30,DDoS Attempt,Human,169,Resolved
INC-00198,2025-06-22T05:02:44,Policy Violation,System Logs,133,In Progress
INC-00199,2025-06-01T06:42:25,Data Leak,System Logs,40,Resolved
INC-00200,2025-06-16T10:00:51,Policy Violation,System Logs,145,Resolved
INC-00201,2025-06-12T19:11:15,Phishing,Antivirus,74,In Progress
INC-00202,2025-06-13T18:29:45,Phishing,Antivirus,5,Resolved
INC-00203,2025-06-15T13:09:50,Data Leak,Human,111,Resolved
INC-00204,2025-06-05T20:36:07,Policy Violation,IDS,66,Resolved
INC-00205,2025-06-18T10:16:57,Policy Violation,System Logs,140,Resolved
INC-00206,2025-06-14T19:21:13,Malware Infection,System Logs,158,Not Started
INC-00207,2025-06-04T08:05:04,Data Leak,Antivirus,124,Resolved
INC-00208,2025-06-10T15:34:04,Unauthorized Access,IDS,70,Not Started
INC-00209,2025-06-13T09:33:36,Malware Infection,System Logs,5,In Progress
INC-00210,2025-06-14T17:50:21,Unauthorized Access,System Logs,130,In Progress
INC-00211,2025-06-15T16:28:47,Phishing,IDS,36,Resolved
INC-00212,2025-06-10T20:44:39,Phishing,System Logs,87,Not Started
INC-00213,2025-06-16T03:38:33,Data Leak,IDS,157,Resolved
INC-00214,2025-06-16T10:34:21,Phishing,Human,83,In Progress
INC-00215,2025-06-03T15:21:21,Unauthorized Access,Human,121,Resolved
INC-00216,2025-06-01T06:44:17,DDoS Attempt,IDS,110,In Progress
INC-00217,2025-06-21T18:53:42,Data Leak,Antivirus,142,Resolved
INC-00218,2025-06-11T04:48:55,Malware Infection,IDS,5,In Progress
INC-00219,2025-06-05T16:24:55,Phishing,Antivirus,125,Resolved
INC-00220,2025-06-09T11:30:55,Policy Violation,IDS,78,Not Started
INC-00221,2025-06-15T13:35:25,Malware Infection,System Logs,20,Resolved
INC-00222,2025-06-13T10:13:24,Policy Violation,IDS,76,Not Started
INC-00223,2025-06-09T17:48:44,Malware Infection,Antivirus,67,In Progress
INC-00224,2025-06-04T13:04:02,Policy Violation,Antivirus,38,Resolved
INC-00225,2025-06-12T01:54:37,DDoS Attempt,Human,171,In Progress
INC-00226,2025-06-08T07:06:23,Malware Infection,Antivirus,82,Resolved
INC-00227,2025-06-03T10:43:19,Phishing,System Logs,125,In Progress
INC-00228,2025-06-16T04:18:55,DDoS Attempt,System Logs,90,Resolved
INC-00229,2025-06-05T05:41:00,Data Leak,Human,110,In Progress
INC-00230,2025-06-09T10:09:59,Phishing,Antivirus,71,Resolved
INC-00231,2025-06-21T03:45:07,Phishing,System Logs,130,Resolved
INC-00232,2025-06-15T04:29:56,Data Leak,Human,97,Not Started
INC-00233,2025-06-16T08:41:52,Data Leak,Antivirus,35,Resolved
INC-00234,2025-06-10T12:00:02,Policy Violation,Human,126,Not Started
INC-00235,2025-06-06T05:17:43,Data Leak,IDS,72,Resolved
INC-00236,2025-06-14T06:46:54,Malware Infection,Human,187,In Progress
INC-00237,2025-06-12T14:47:56,DDoS Attempt,System Logs,112,Not Started
INC-00238,2025-06-14T17:29:30,DDoS Attempt,System Logs,46,In Progress
INC-00239,2025-06-20T19:39:14,Policy Violation,Antivirus,73,Resolved
INC-00240,2025-06-19T19:39:27,Data Leak,Antivirus,172,In Progress
INC-00241,2025-06-08T22:13:33,Data Leak,Human,154,Resolved
INC-00242,2025-06-20T13:22:54,DDoS Attempt,System Logs,120,Resolved
INC-00243,2025-06-05T08:48:05,Data Leak,System Logs,55,Not Started
INC-00244,2025-06-20T05:56:03,Malware Infection,Human,138,In Progress
INC-00245,2025-06-08T22:21:19,Phishing,System Logs,130,Resolved
INC-00246,2025-06-15T07:09:59,Malware Infection,Antivirus,114,In Progress
INC-00247,2025-06-16T07:30:15,DDoS Attempt,System Logs,77,Resolved
INC-00248,2025-06-04T23:01:44,Unauthorized Access,Human,94,Resolved
INC-00249,2025-06-16T12:27:49,Data Leak,System Logs,90,Not Started
INC-00250,2025-06-18T06:19:52,Malware Infection,Antivirus,82,Resolved
INC-00251,2025-06-10T02:00:04,Phishing,Human,125,Resolved
INC-00252,2025-06-18T19:25:54,Policy Violation,IDS,42,Resolved
INC-00253,2025-06-19T06:44:18,DDoS Attempt,System Logs,58,Resolved
INC-00254,2025-06-21T17:48:15,Malware Infection,IDS,74,In Progress
INC-00255,2025-06-20T07:28:08,Data Leak,System Logs,37,In Progress
INC-00256,2025-06-18T22:29:04,Phishing,Human,105,Not Started
INC-00257,2025-06-06T15:13:35,Data Leak,Antivirus,48,Not Started
INC-00258,2025-06-14T14:03:08,Unauthorized Access,System Logs,5,In Progress
INC-00259,2025-06-04T07:23:15,Data Leak,Human,151,Resolved
INC-00260,2025-06-18T05:29:44,Data Leak,Antivirus,150,In Progress
INC-00261,2025-06-10T19:51:47,Malware Infection,Human,11,In Progress
INC-00262,2025-06-22T16:34:41,DDoS Attempt,Antivirus,163,Resolved
INC-00263,2025-06-22T19:55:46,Policy Violation,IDS,78,Resolved
INC-00264,2025-06-14T18:34:58,Phishing,Antivirus,67,Resolved
INC-00265,2025-06-16T00:59:32,Policy Violation,System Logs,97,Not Started
INC-00266,2025-06-21T16:33:17,Policy Violation,Antivirus,78,Not Started
INC-00267,2025-06-20T06:38:17,Malware Infection,Antivirus,147,In Progress
INC-00268,2025-06-12T19:44:08,Malware Infection,Antivirus,75,Not Started
INC-00269,2025-06-14T05:02:25,Data Leak,Antivirus,103,Resolved
INC-00270,2025-06-22T00:25:32,Policy Violation,Human,101,Resolved
INC-00271,2025-06-12T21:56:37,DDoS Attempt,System Logs,63,Resolved
INC-00272,2025-06-03T09:33:00,Phishing,Antivirus,135,Resolved
INC-00273,2025-06-16T09:59:00,Phishing,Antivirus,129,Resolved
INC-00274,2025-06-04T04:16:40,DDoS Attempt,IDS,78,Resolved
INC-00275,2025-06-02T20:59:03,DDoS Attempt,IDS,113,Not Started
INC-00276,2025-06-05T14:42:12,Malware Infection,System Logs,103,Not Started
INC-00277,2025-06-01T00:53:00,Data Leak,Antivirus,104,Resolved
INC-00278,2025-06-18T05:57:44,Malware Infection,Human,5,In Progress
INC-00279,2025-06-15T17:44:37,Phishing,System Logs,86,Resolved
INC-00280,2025-06-15T00:07:28,Unauthorized Access,Human,59,In Progress
INC-00281,2025-06-07T05:25:40,DDoS Attempt,Human,50,Resolved
INC-00282,2025-06-19T17:55:05,Phishing,System Logs,113,Resolved
INC-00283,2025-06-06T04:00:35,DDoS Attempt,Antivirus,131,Resolved
INC-00284,2025-06-05T07:50:57,Policy Violation,Antivirus,45,In Progress
INC-00285,2025-06-02T19:27:00,Unauthorized Access,IDS,139,Resolved
INC-00286,2025-06-07T11:31:48,Phishing,Human,44,Not Started
INC-00287,2025-06-05T05:46:12,Policy Violation,System Logs,5,Resolved
INC-00288,2025-06-06T23:25:56,DDoS Attempt,System Logs,89,Resolved
INC-00289,2025-06-06T15:58:13,Phishing,IDS,115,Resolved
INC-00290,2025-06-09T17:25:31,Phishing,IDS,99,Not Started
INC-00291,2025-06-07T10:38:27,Data Leak,Antivirus,124,Resolved
INC-00292,2025-06-21T02:43:03,Phishing,IDS,50,Resolved
INC-00293,2025-06-13T09:56:31,Phishing,IDS,180,Resolved
INC-00294,2025-06-18T08:46:50,Unauthorized Access,Human,153,Resolved
INC-00295,2025-06-13T03:45:40,Malware Infection,System Logs,101,Resolved
INC-00296,2025-06-06T04:03:56,Policy Violation,System Logs,71,In Progress
INC-00297,2025-06-08T17:12:49,Unauthorized Access,Antivirus,140,Resolved
INC-00298,2025-06-04T03:29:02,Unauthorized Access,IDS,27,In Progress
INC-00299,2025-06-04T17:08:48,Phishing,System Logs,35,Resolved
INC-00300,2025-06-18T16:07:08,Phishing,Antivirus,64,Not Started
INC-00301,2025-06-17T13:03:04,Phishing,IDS,18,Not Started
INC-00302,2025-06-06T23:19:23,Phishing,Antivirus,177,Resolved
INC-00303,2025-06-15T15:24:07,Malware Infection,IDS,79,In Progress
INC-00304,2025-06-17T07:38:36,Data Leak,System Logs,147,Resolved
INC-00305,2025-06-05T10:06:56,Unauthorized Access,IDS,113,Resolved
INC-00306,2025-06-04T15:16:15,DDoS Attempt,Antivirus,98,Resolved
INC-00307,2025-06-15T16:12:39,Unauthorized Access,System Logs,72,Resolved
INC-00308,2025-06-14T23:01:26,Unauthorized Access,System Logs,72,Resolved
INC-00309,2025-06-15T09:53:35,Unauthorized Access,Antivirus,163,Resolved
INC-00310,2025-06-07T10:54:49,Malware Infection,Antivirus,101,In Progress
INC-00311,2025-06-04T23:36:42,Data Leak,IDS,128,Resolved
INC-00312,2025-06-03T02:01:44,Phishing,Antivirus,155,Resolved
INC-00313,2025-06-15T14:38:25,Data Leak,Antivirus,75,In Progress
INC-00314,2025-06-05T15:34:15,DDoS Attempt,Human,67,Resolved
INC-00315,2025-06-05T20:34:08,Phishing,IDS,76,Resolved
INC-00316,2025-06-17T04:55:17,Malware Infection,IDS,5,Resolved
INC-00317,2025-06-20T13:18:43,Policy Violation,System Logs,74,Not Started
INC-00318,2025-06-03T12:17:17,Policy Violation,System Logs,92,Resolved
INC-00319,2025-06-08T22:22:42,Data Leak,Antivirus,90,Resolved
INC-00320,2025-06-14T14:59:59,Unauthorized Access,Antivirus,45,Resolved
INC-00321,2025-06-06T15:36:51,Policy Violation,System Logs,170,Resolved
INC-00322,2025-06-19T22:03:18,Unauthorized Access,IDS,33,Resolved
INC-00323,2025-06-07T19:46:48,Policy Violation,IDS,35,Resolved
INC-00324,2025-06-02T13:41:24,Phishing,System Logs,120,Resolved
INC-00325,2025-06-10T11:57:03,Data Leak,Antivirus,122,Not Started
INC-00326,2025-06-07T17:01:54,Data Leak,Antivirus,133,In Progress
INC-00327,2025-06-01T17:40:37,Malware Infection,Antivirus,25,Resolved
INC-00328,2025-06-08T08:34:14,Unauthorized Access,IDS,75,Resolved
INC-00329,2025-06-09T01:45:50,Unauthorized Access,IDS,174,In Progress
INC-00330,2025-06-20T10:58:10,Policy Violation,Antivirus,176,Not Started
INC-00331,2025-06-18T02:53:53,Policy Violation,IDS,38,Resolved
INC-00332,2025-06-22T14:34:26,DDoS Attempt,System Logs,112,Resolved
INC-00333,2025-06-19T18:14:32,Malware Infection,System Logs,131,Resolved
INC-00334,2025-06-07T06:35:27,Malware Infection,Human,61,Resolved
INC-00335,2025-06-02T16:10:57,Malware Infection,Human,49,Resolved
INC-00336,2025-06-13T01:19:53,Policy Violation,Human,130,Not Started
INC-00337,2025-06-22T19:29:21,Data Leak,IDS,12,In Progress
INC-00338,2025-06-14T06:56:23,Data Leak,IDS,95,Resolved
INC-00339,2025-06-17T06:47:16,DDoS Attempt,IDS,64,In Progress
INC-00340,2025-06-12T07:02:45,DDoS Attempt,Human,172,In Progress
INC-00341,2025-06-08T12:41:16,DDoS Attempt,IDS,27,Not Started
INC-00342,2025-06-04T16:45:16,Policy Violation,Human,94,In Progress
INC-00343,2025-06-13T20:35:30,Malware Infection,IDS,42,Resolved
INC-00344,2025-06-03T01:54:52,Unauthorized Access,Antivirus,69,In Progress
INC-00345,2025-06-08T08:05:55,Unauthorized Access,System Logs,130,Resolved
INC-00346,2025-06-08T20:46:42,Phishing,Antivirus,94,In Progress
INC-00347,2025-06-06T00:25:52,Phishing,Human,154,In Progress
INC-00348,2025-06-13T07:09:59,Unauthorized Access,IDS,31,Resolved
INC-00349,2025-06-22T02:30:31,DDoS Attempt,System Logs,63,Resolved
INC-00350,2025-06-03T18:55:35,Phishing,IDS,91,Resolved
INC-00351,2025-06-13T20:34:39,Data Leak,System Logs,131,In Progress
INC-00352,2025-06-22T05:44:21,Malware Infection,Antivirus,79,Resolved
INC-00353,2025-06-18T02:21:20,Phishing,System Logs,100,Resolved
INC-00354,2025-06-21T10:08:39,DDoS Attempt,Antivirus,88,Resolved
INC-00355,2025-06-11T12:01:11,Data Leak,Human,63,Resolved
INC-00356,2025-06-16T16:16:28,Phishing,IDS,136,Resolved
INC-00357,2025-06-01T20:16:02,Phishing,System Logs,24,In Progress
INC-00358,2025-06-09T01:34:24,DDoS Attempt,Antivirus,128,In Progress
INC-00359,2025-06-15T14:09:47,Unauthorized Access,System Logs,84,Resolved
INC-00360,2025-06-09T04:53:57,Policy Violation,System Logs,139,Resolved
INC-00361,2025-06-04T11:16:34,Policy Violation,Antivirus,163,In Progress
INC-00362,2025-06-09T14:29:23,Unauthorized Access,Human,37,In Progress
INC-00363,2025-06-05T13:33:43,Malware Infection,Antivirus,34,In Progress
INC-00364,2025-06-13T19:27:24,Malware Infection,Antivirus,76,Resolved
INC-00365,2025-06-18T21:37:09,Phishing,IDS,30,In Progress
INC-00366,2025-06-17T22:11:45,Policy Violation,System Logs,37,In Progress
INC-00367,2025-06-17T08:46:53,Data Leak,Antivirus,69,Resolved
INC-00368,2025-06-16T02:57:18,Unauthorized Access,Human,102,In Progress
INC-00369,2025-06-05T05:00:52,Phishing,Human,121,Resolved
INC-00370,2025-06-01T05:45:22,Unauthorized Access,Antivirus,191,In Progress
INC-00371,2025-06-10T20:11:56,Malware Infection,IDS,59,Resolved
INC-00372,2025-06-16T04:44:21,Malware Infection,System Logs,87,Resolved
INC-00373,2025-06-09T08:57:21,DDoS Attempt,Antivirus,107,In Progress
INC-00374,2025-06-19T17:16:48,DDoS Attempt,IDS,51,Resolved
INC-00375,2025-06-02T22:13:22,Unauthorized Access,Antivirus,57,Resolved
INC-00376,2025-06-14T20:25:47,Malware Infection,IDS,40,Resolved
INC-00377,2025-06-17T03:12:08,DDoS Attempt,System Logs,79,In Progress
INC-00378,2025-06-14T19:23:37,Policy Violation,Human,24,Resolved
INC-00379,2025-06-07T12:34:34,Unauthorized Access,Antivirus,118,Resolved
INC-00380,2025-06-02T10:28:37,Policy Violation,System Logs,97,Resolved
INC-00381,2025-06-16T02:05:37,Policy Violation,Antivirus,100,Not Started
INC-00382,2025-06-17T08:14:18,Malware Infection,Antivirus,141,Resolved
INC-00383,2025-06-22T06:58:37,Policy Violation,IDS,78,Resolved
INC-00384,2025-06-03T23:47:47,Data Leak,System Logs,61,In Progress
INC-00385,2025-06-04T07:04:09,Phishing,IDS,139,Resolved
INC-00386,2025-06-01T00:25:39,Malware Infection,System Logs,32,Resolved
INC-00387,2025-06-19T09:44:42,Data Leak,Antivirus,45,Resolved
INC-00388,2025-06-01T03:35:40,Malware Infection,System Logs,118,Resolved
INC-00389,2025-06-05T08:51:24,Phishing,System Logs,5,Resolved
INC-00390,2025-06-18T12:55:18,Malware Infection,IDS,135,In Progress
INC-00391,2025-06-09T19:50:03,Data Leak,Human,161,Resolved
INC-00392,2025-06-20T07:58:41,DDoS Attempt,Human,89,Resolved
INC-00393,2025-06-20T17:31:25,Phishing,Human,76,Resolved
INC-00394,2025-06-02T06:31:05,Malware Infection,Human,121,In Progress
INC-00395,2025-06-03T05:03:52,Data Leak,System Logs,5,Resolved
INC-00396,2025-06-09T00:54:07,Unauthorized Access,Antivirus,144,Resolved
INC-00397,2025-06-12T23:28:29,Phishing,Human,78,Resolved
INC-00398,2025-06-02T03:26:01,DDoS Attempt,System Logs,95,Resolved
INC-00399,2025-06-15T09:12:46,Policy Violation,System Logs,148,Not Started
INC-00400,2025-06-18T15:00:28,Malware Infection,Antivirus,136,Not Started
INC-00401,2025-06-10T03:05:24,Data Leak,IDS,37,Resolved
INC-00402,2025-06-09T00:19:24,Policy Violation,IDS,126,In Progress
INC-00403,2025-06-21T09:47:06,Unauthorized Access,Human,24,In Progress
INC-00404,2025-06-07T02:47:57,Data Leak,Antivirus,131,In Progress
INC-00405,2025-06-08T13:06:23,Data Leak,Antivirus,77,Resolved
INC-00406,2025-06-09T11:31:24,Phishing,Antivirus,103,Resolved
INC-00407,2025-06-20T15:13:29,Malware Infection,System Logs,133,Not Started
INC-00408,2025-06-15T12:18:39,Policy Violation,Antivirus,162,Resolved
INC-00409,2025-06-07T21:25:25,Malware Infection,System Logs,86,Resolved
INC-00410,2025-06-14T10:58:54,Data Leak,IDS,71,In Progress
INC-00411,2025-06-14T07:29:30,Phishing,IDS,55,Resolved
INC-00412,2025-06-18T19:10:04,DDoS Attempt,Human,147,In Progress
INC-00413,2025-06-20T23:51:50,Phishing,Human,147,In Progress
INC-00414,2025-06-07T23:59:08,Phishing,System Logs,113,In Progress
INC-00415,2025-06-22T23:28:44,Unauthorized Access,Antivirus,150,Resolved
INC-00416,2025-06-20T14:39:40,Unauthorized Access,IDS,146,Resolved
INC-00417,2025-06-11T01:39:40,Data Leak,Antivirus,111,Resolved
INC-00418,2025-06-07T15:30:14,Malware Infection,Human,90,In Progress
INC-00419,2025-06-17T21:48:13,Malware Infection,IDS,108,Not Started
INC-00420,2025-06-11T09:25:20,Phishing,Human,85,Resolved
INC-00421,2025-06-22T13:35:50,Unauthorized Access,Human,77,Resolved
INC-00422,2025-06-15T17:56:27,Policy Violation,IDS,70,Resolved
INC-00423,2025-06-05T21:46:48,Phishing,System Logs,91,In Progress
INC-00424,2025-06-05T06:09:09,Phishing,System Logs,123,In Progress
INC-00425,2025-06-16T23:10:33,Policy Violation,Antivirus,21,Resolved
INC-00426,2025-06-04T04:38:36,Malware Infection,Human,192,Not Started
INC-00427,2025-06-01T10:02:33,Unauthorized Access,Human,135,Resolved
INC-00428,2025-06-04T17:43:15,Data Leak,IDS,5,Resolved
INC-00429,2025-06-17T05:53:12,Data Leak,Human,102,Resolved
INC-00430,2025-06-17T02:47:42,Unauthorized Access,System Logs,48,In Progress
INC-00431,2025-06-21T01:41:52,Data Leak,Antivirus,94,Resolved
INC-00432,2025-06-09T06:57:26,DDoS Attempt,IDS,116,Resolved
INC-00433,2025-06-17T13:51:29,Malware Infection,Human,103,Resolved
INC-00434,2025-06-08T05:32:16,DDoS Attempt,IDS,146,Resolved
INC-00435,2025-06-21T23:53:30,Malware Infection,IDS,84,Resolved
INC-00436,2025-06-11T16:34:56,Data Leak,Antivirus,138,In Progress
INC-00437,2025-06-01T15:59:30,Unauthorized Access,System Logs,22,Resolved
INC-00438,2025-06-14T03:18:38,Phishing,Antivirus,135,Resolved
INC-00439,2025-06-12T14:27:51,DDoS Attempt,IDS,104,In Progress
INC-00440,2025-06-09T11:42:34,Unauthorized Access,System Logs,185,Resolved
INC-00441,2025-06-14T20:50:29,Phishing,Antivirus,13,Resolved
INC-00442,2025-06-19T12:43:17,Malware Infection,System Logs,78,Resolved
INC-00443,2025-06-03T10:17:13,DDoS Attempt,Antivirus,127,Resolved
INC-00444,2025-06-20T13:56:16,Phishing,IDS,104,Resolved
INC-00445,2025-06-15T14:53:08,Unauthorized Access,IDS,113,In Progress
INC-00446,2025-06-02T19:43:12,Malware Infection,System Logs,93,Resolved
INC-00447,2025-06-01T20:02:31,Malware Infection,IDS,138,Resolved
INC-00448,2025-06-10T20:28:00,Data Leak,IDS,38,Resolved
INC-00449,2025-06-05T16:11:52,Malware Infection,System Logs,61,Resolved
INC-00450,2025-06-05T17:35:21,Policy Violation,Antivirus,52,Resolved
INC-00451,2025-06-18T01:19:20,Phishing,System Logs,179,Resolved
INC-00452,2025-06-06T16:15:49,Policy Violation,Human,7,In Progress
INC-00453,2025-06-14T14:16:43,DDoS Attempt,Human,52,Resolved
INC-00454,2025-06-08T05:12:42,Unauthorized Access,Human,156,Resolved
INC-00455,2025-06-20T05:10:05,Unauthorized Access,System Logs,151,Resolved
INC-00456,2025-06-07T18:12:14,Unauthorized Access,Human,118,Resolved
INC-00457,2025-06-04T01:34:30,Malware Infection,System Logs,89,Resolved
INC-00458,2025-06-10T17:52:43,Malware Infection,Human,29,In Progress
INC-00459,2025-06-13T08:18:30,Data Leak,IDS,74,Resolved
INC-00460,2025-06-20T05:16:57,Unauthorized Access,Human,60,Resolved
INC-00461,2025-06-03T16:02:47,Unauthorized Access,IDS,41,In Progress
INC-00462,2025-06-22T17:24:39,Malware Infection,Human,129,In Progress
INC-00463,2025-06-18T13:06:32,Unauthorized Access,IDS,18,Resolved
INC-00464,2025-06-11T20:07:43,Data Leak,System Logs,121,In Progress
INC-00465,2025-06-07T05:38:42,Malware Infection,Antivirus,65,Resolved
INC-00466,2025-06-12T18:48:48,Unauthorized Access,Human,5,Resolved
INC-00467,2025-06-01T15:12:26,Unauthorized Access,System Logs,115,In Progress
INC-00468,2025-06-14T20:33:22,Data Leak,IDS,11,In Progress
INC-00469,2025-06-06T02:41:39,Policy Violation,Antivirus,95,In Progress
INC-00470,2025-06-06T01:19:25,Phishing,Human,66,Not Started
INC-00471,2025-06-20T01:21:00,DDoS Attempt,IDS,62,Resolved
INC-00472,2025-06-08T23:29:55,Data Leak,Human,124,Resolved
INC-00473,2025-06-11T22:33:29,Malware Infection,IDS,102,In Progress
INC-00474,2025-06-18T17:17:20,Phishing,Human,128,In Progress
INC-00475,2025-06-04T14:48:48,Data Leak,System Logs,159,Resolved
INC-00476,2025-06-18T21:11:04,DDoS Attempt,Antivirus,68,Resolved
INC-00477,2025-06-22T14:38:53,Policy Violation,System Logs,16,Resolved
INC-00478,2025-06-19T16:14:43,Policy Violation,System Logs,145,In Progress
INC-00479,2025-06-18T00:00:05,Unauthorized Access,IDS,58,In Progress
INC-00480,2025-06-09T06:40:44,Unauthorized Access,System Logs,17,Not Started
INC-00481,2025-06-20T17:30:15,Policy Violation,IDS,79,Resolved
INC-00482,2025-06-21T10:13:19,Data Leak,Human,72,In Progress
INC-00483,2025-06-07T02:08:58,Phishing,Human,106,Resolved
INC-00484,2025-06-20T21:42:36,Policy Violation,IDS,131,Resolved
INC-00485,2025-06-22T05:53:08,Malware Infection,System Logs,81,In Progress
INC-00486,2025-06-12T02:09:02,Policy Violation,Human,165,Resolved
INC-00487,2025-06-16T11:07:30,Unauthorized Access,System Logs,50,Resolved
INC-00488,2025-06-16T11:53:08,Unauthorized Access,Antivirus,152,Resolved
INC-00489,2025-06-19T06:10:33,DDoS Attempt,System Logs,73,Not Started
INC-00490,2025-06-10T00:44:57,Policy Violation,System Logs,64,In Progress
INC-00491,2025-06-15T21:34:43,Data Leak,System Logs,128,Resolved
INC-00492,2025-06-21T09:37:02,DDoS Attempt,IDS,121,Resolved
INC-00493,2025-06-17T16:52:04,Data Leak,Antivirus,147,Not Started
INC-00494,2025-06-20T16:08:36,Policy Violation,Human,141,In Progress
INC-00495,2025-06-20T09:11:05,Policy Violation,Antivirus,81,In Progress
INC-00496,2025-06-18T14:34:43,Phishing,IDS,164,In Progress
INC-00497,2025-06-03T16:45:54,Unauthorized Access,System Logs,13,Resolved
INC-00498,2025-06-08T22:54:26,Malware Infection,Human,170,In Progress
INC-00499,2025-06-19T20:51:46,Policy Violation,IDS,81,In Progress
INC-00500,2025-06-18T23:54:56,Malware Infection,System Logs,98,Resolved
INC-00501,2025-06-17T09:07:27,Malware Infection,Human,126,Resolved
INC-00502,2025-06-14T01:47:27,DDoS Attempt,Antivirus,86,Resolved
INC-00503,2025-06-03T07:58:24,Malware Infection,Antivirus,40,In Progress
INC-00504,2025-06-07T22:05:53,Phishing,System Logs,111,In Progress
INC-00505,2025-06-17T19:29:03,Data Leak,System Logs,109,Resolved
INC-00506,2025-06-07T10:19:03,Data Leak,Antivirus,70,Resolved
INC-00507,2025-06-08T05:47:57,Policy Violation,Antivirus,91,Resolved
INC-00508,2025-06-11T16:48:04,Data Leak,Human,81,Resolved
INC-00509,2025-06-21T23:44:33,Unauthorized Access,Antivirus,122,Resolved
INC-00510,2025-06-04T09:42:20,Malware Infection,System Logs,112,In Progress
INC-00511,2025-06-08T02:02:01,Unauthorized Access,System Logs,68,Resolved
INC-00512,2025-06-03T21:40:02,Data Leak,Antivirus,128,Resolved
INC-00513,2025-06-01T15:26:39,DDoS Attempt,System Logs,74,In Progress
INC-00514,2025-06-06T09:51:40,Data Leak,IDS,103,In Progress
INC-00515,2025-06-15T15:44:21,Malware Infection,Human,17,Resolved
INC-00516,2025-06-16T12:11:30,DDoS Attempt,IDS,48,Resolved
INC-00517,2025-06-07T22:50:13,Malware Infection,Human,91,Resolved
INC-00518,2025-06-02T12:07:25,Phishing,System Logs,145,Resolved
INC-00519,2025-06-16T05:37:46,Unauthorized Access,Human,161,In Progress
INC-00520,2025-06-02T00:38:22,Unauthorized Access,IDS,85,In Progress
INC-00521,2025-06-10T08:45:08,Policy Violation,IDS,65,Resolved
INC-00522,2025-06-18T16:46:49,Policy Violation,System Logs,114,Resolved
INC-00523,2025-06-03T04:55:41,Malware Infection,IDS,29,Resolved
INC-00524,2025-06-04T10:13:00,Malware Infection,Human,133,Resolved
INC-00525,2025-06-12T18:22:48,Phishing,Antivirus,68,Resolved
INC-00526,2025-06-15T12:12:19,Unauthorized Access,IDS,28,Not Started
INC-00527,2025-06-22T19:44:52,Phishing,Antivirus,63,Resolved
INC-00528,2025-06-20T09:43:00,Malware Infection,IDS,140,Resolved
INC-00529,2025-06-09T16:44:51,Phishing,IDS,105,In Progress
INC-00530,2025-06-14T18:53:45,Malware Infection,IDS,146,In Progress
INC-00531,2025-06-21T01:16:23,Policy Violation,Human,45,Resolved
INC-00532,2025-06-14T08:15:43,Data Leak,Antivirus,135,In Progress
INC-00533,2025-06-21T01:08:12,Phishing,IDS,131,Resolved
INC-00534,2025-06-09T10:25:06,Data Leak,IDS,80,Not Started
INC-00535,2025-06-07T14:01:10,Data Leak,System Logs,26,Resolved
INC-00536,2025-06-01T03:53:18,Phishing,System Logs,53,Resolved
INC-00537,2025-06-15T22:13:43,Malware Infection,System Logs,155,Resolved
INC-00538,2025-06-20T09:49:52,Data Leak,System Logs,108,In Progress
INC-00539,2025-06-19T23:06:58,Unauthorized Access,Antivirus,121,In Progress
INC-00540,2025-06-15T12:04:33,Unauthorized Access,IDS,116,Resolved
INC-00541,2025-06-18T09:29:18,Malware Infection,Human,26,Resolved
INC-00542,2025-06-14T06:05:08,Policy Violation,IDS,93,Resolved
INC-00543,2025-06-04T11:31:23,Policy Violation,System Logs,118,Not Started
INC-00544,2025-06-18T06:59:28,Data Leak,IDS,116,Not Started
INC-00545,2025-06-22T12:39:24,Malware Infection,IDS,75,In Progress
INC-00546,2025-06-21T23:20:25,Policy Violation,IDS,75,Not Started
INC-00547,2025-06-21T07:48:05,DDoS Attempt,IDS,101,Resolved
INC-00548,2025-06-02T00:06:04,Data Leak,IDS,108,Resolved
INC-00549,2025-06-18T16:28:57,Phishing,IDS,142,Resolved
INC-00550,2025-06-12T18:03:49,Phishing,Antivirus,43,Resolved
INC-00551,2025-06-01T03:11:12,Data Leak,IDS,108,Not Started
INC-00552,2025-06-22T04:42:58,Unauthorized Access,Antivirus,123,Resolved
INC-00553,2025-06-13T01:54:41,Unauthorized Access,Human,92,In Progress
INC-00554,2025-06-14T19:19:50,Data Leak,IDS,21,Not Started
INC-00555,2025-06-05T04:36:59,Phishing,Antivirus,132,Resolved
INC-00556,2025-06-02T12:03:15,Phishing,IDS,87,Resolved
INC-00557,2025-06-15T18:07:09,Policy Violation,System Logs,63,Resolved
INC-00558,2025-06-10T07:35:11,Phishing,Human,151,Resolved
INC-00559,2025-06-05T04:49:31,Phishing,System Logs,25,In Progress
INC-00560,2025-06-14T05:03:51,Phishing,System Logs,35,Resolved
INC-00561,2025-06-04T07:56:04,Unauthorized Access,Antivirus,40,In Progress
INC-00562,2025-06-08T15:31:24,Policy Violation,IDS,104,Resolved
INC-00563,2025-06-02T08:33:29,Unauthorized Access,Antivirus,76,Resolved
INC-00564,2025-06-16T23:42:10,Phishing,Human,84,Not Started
INC-00565,2025-06-21T03:38:29,Data Leak,Human,29,Resolved
INC-00566,2025-06-11T04:47:18,DDoS Attempt,System Logs,68,Resolved
INC-00567,2025-06-11T08:18:56,Data Leak,IDS,25,Not Started
INC-00568,2025-06-22T05:17:50,Phishing,Human,25,Resolved
INC-00569,2025-06-22T10:10:37,Malware Infection,Antivirus,124,Resolved
INC-00570,2025-06-15T04:44:24,Data Leak,System Logs,135,Resolved
INC-00571,2025-06-19T13:59:50,Malware Infection,Antivirus,143,Resolved
INC-00572,2025-06-11T03:33:49,Unauthorized Access,System Logs,91,Resolved
INC-00573,2025-06-22T13:49:34,Data Leak,Antivirus,86,Not Started
INC-00574,2025-06-01T14:58:42,Policy Violation,Antivirus,81,Resolved
INC-00575,2025-06-13T21:02:39,Malware Infection,Antivirus,5,In Progress
INC-00576,2025-06-08T12:15:49,Policy Violation,Human,77,Resolved
INC-00577,2025-06-22T12:16:13,Unauthorized Access,Human,90,In Progress
INC-00578,2025-06-15T00:46:43,Data Leak,Antivirus,140,Resolved
INC-00579,2025-06-21T00:20:01,Malware Infection,Antivirus,106,In Progress
INC-00580,2025-06-01T10:38:06,DDoS Attempt,IDS,89,Resolved
INC-00581,2025-06-12T16:55:15,DDoS Attempt,Human,93,In Progress
INC-00582,2025-06-02T01:04:27,Phishing,Human,98,Resolved
INC-00583,2025-06-07T11:25:32,Policy Violation,Human,94,Resolved
INC-00584,2025-06-13T20:50:23,Unauthorized Access,System Logs,194,Resolved
INC-00585,2025-06-22T07:18:06,Policy Violation,IDS,14,In Progress
INC-00586,2025-06-12T07:28:58,Policy Violation,System Logs,68,Resolved
INC-00587,2025-06-05T07:10:14,Data Leak,Antivirus,148,Resolved
INC-00588,2025-06-03T22:18:53,Phishing,IDS,112,Resolved
INC-00589,2025-06-11T01:39:44,Data Leak,Human,112,Resolved
INC-00590,2025-06-07T06:45:54,Policy Violation,IDS,34,In Progress
INC-00591,2025-06-08T22:46:01,Policy Violation,IDS,22,Resolved
INC-00592,2025-06-07T02:16:55,Data Leak,Human,89,Resolved
INC-00593,2025-06-07T20:59:21,Malware Infection,Human,52,Resolved
INC-00594,2025-06-18T12:07:12,Phishing,IDS,133,Not Started
INC-00595,2025-06-19T18:57:20,Phishing,System Logs,121,Resolved
INC-00596,2025-06-10T14:48:59,Unauthorized Access,IDS,40,Resolved
INC-00597,2025-06-06T06:41:34,Data Leak,IDS,163,Resolved
INC-00598,2025-06-17T05:30:45,Data Leak,System Logs,133,In Progress
INC-00599,2025-06-02T08:57:00,Malware Infection,System Logs,121,In Progress
INC-00600,2025-06-08T08:46:45,Data Leak,Human,85,Resolved
INC-00601,2025-06-11T06:58:41,Data Leak,Antivirus,29,Not Started
INC-00602,2025-06-09T02:49:34,DDoS Attempt,IDS,65,In Progress
INC-00603,2025-06-12T18:43:38,Data Leak,System Logs,95,In Progress
INC-00604,2025-06-05T16:40:28,Unauthorized Access,System Logs,91,Resolved
INC-00605,2025-06-17T20:06:42,Unauthorized Access,IDS,44,Resolved
INC-00606,2025-06-04T11:11:29,Unauthorized Access,Antivirus,212,Resolved
INC-00607,2025-06-08T05:33:01,Malware Infection,Human,58,Resolved
INC-00608,2025-06-21T17:44:16,Data Leak,Human,54,In Progress
INC-00609,2025-06-07T04:36:58,Malware Infection,Human,97,Resolved
INC-00610,2025-06-03T21:30:12,DDoS Attempt,Antivirus,70,Resolved
INC-00611,2025-06-09T08:22:55,Phishing,System Logs,96,Resolved
INC-00612,2025-06-17T21:39:48,Unauthorized Access,IDS,117,Resolved
INC-00613,2025-06-13T01:10:58,Unauthorized Access,IDS,35,Resolved
INC-00614,2025-06-21T02:41:37,Malware Infection,System Logs,126,Resolved
INC-00615,2025-06-02T19:03:26,Phishing,Human,53,In Progress
INC-00616,2025-06-11T22:00:09,Phishing,Human,89,Resolved
INC-00617,2025-06-09T09:48:02,Policy Violation,System Logs,121,Not Started
INC-00618,2025-06-20T20:23:14,Malware Infection,Human,154,Resolved
INC-00619,2025-06-06T12:38:06,Malware Infection,IDS,71,Resolved
INC-00620,2025-06-16T06:09:12,Phishing,IDS,167,Resolved
INC-00621,2025-06-05T03:56:05,Malware Infection,IDS,28,Resolved
INC-00622,2025-06-04T12:39:08,Phishing,IDS,109,Not Started
INC-00623,2025-06-02T01:10:52,Policy Violation,Human,98,Resolved
INC-00624,2025-06-06T10:49:33,DDoS Attempt,Antivirus,149,In Progress
INC-00625,2025-06-05T12:51:41,Phishing,System Logs,155,Not Started
INC-00626,2025-06-11T01:22:26,DDoS Attempt,System Logs,114,Resolved
INC-00627,2025-06-13T16:14:33,Phishing,Human,101,Resolved
INC-00628,2025-06-17T00:10:03,DDoS Attempt,Antivirus,8,Resolved
INC-00629,2025-06-09T06:20:08,Unauthorized Access,Human,52,Not Started
INC-00630,2025-06-17T10:40:02,Malware Infection,Human,130,In Progress
INC-00631,2025-06-10T17:24:34,Data Leak,Antivirus,53,Not Started
INC-00632,2025-06-13T01:40:11,Phishing,IDS,153,Not Started
INC-00633,2025-06-02T16:37:32,Data Leak,Antivirus,103,Not Started
INC-00634,2025-06-07T06:02:45,Policy Violation,System Logs,118,Not Started
INC-00635,2025-06-04T17:36:35,Policy Violation,Antivirus,43,Resolved
INC-00636,2025-06-18T17:14:37,Malware Infection,Human,42,Not Started
INC-00637,2025-06-14T16:37:56,Unauthorized Access,Human,99,Resolved
INC-00638,2025-06-04T23:10:31,Policy Violation,Antivirus,52,In Progress
INC-00639,2025-06-03T20:26:24,Unauthorized Access,Human,66,Not Started
INC-00640,2025-06-11T01:11:45,Data Leak,Human,86,In Progress
INC-00641,2025-06-21T00:26:09,Unauthorized Access,IDS,139,Resolved
INC-00642,2025-06-19T10:15:13,Unauthorized Access,Human,71,Resolved
INC-00643,2025-06-05T14:50:23,Data Leak,Human,122,Resolved
INC-00644,2025-06-02T08:41:19,Malware Infection,Antivirus,101,In Progress
INC-00645,2025-06-06T04:03:33,Unauthorized Access,Antivirus,106,Resolved
INC-00646,2025-06-03T18:12:11,Data Leak,System Logs,152,Resolved
INC-00647,2025-06-10T17:20:53,DDoS Attempt,System Logs,132,Resolved
INC-00648,2025-06-12T10:15:13,Unauthorized Access,Antivirus,82,Resolved
INC-00649,2025-06-07T18:49:43,Data Leak,Antivirus,163,In Progress
INC-00650,2025-06-16T14:28:38,Malware Infection,Human,91,In Progress
INC-00651,2025-06-09T07:31:07,Phishing,System Logs,80,Resolved
INC-00652,2025-06-07T15:33:47,Malware Infection,Antivirus,102,Resolved
INC-00653,2025-06-22T10:53:31,Data Leak,Human,152,In Progress
INC-00654,2025-06-22T15:52:19,DDoS Attempt,System Logs,96,Resolved
INC-00655,2025-06-19T02:53:49,DDoS Attempt,IDS,18,Resolved
INC-00656,2025-06-05T09:55:42,DDoS Attempt,System Logs,53,Not Started
INC-00657,2025-06-19T12:29:55,DDoS Attempt,Antivirus,60,In Progress
INC-00658,2025-06-20T18:41:16,Malware Infection,Antivirus,61,In Progress
INC-00659,2025-06-16T14:14:23,Unauthorized Access,IDS,185,Not Started
INC-00660,2025-06-14T06:19:30,DDoS Attempt,System Logs,103,Resolved
INC-00661,2025-06-01T12:03:38,Malware Infection,Antivirus,160,In Progress
INC-00662,2025-06-09T02:18:03,DDoS Attempt,System Logs,37,In Progress
INC-00663,2025-06-04T19:50:56,Phishing,Human,231,In Progress
INC-00664,2025-06-05T02:02:55,Data Leak,System Logs,65,Resolved
INC-00665,2025-06-16T18:09:55,Malware Infection,Human,61,Resolved
INC-00666,2025-06-20T09:30:26,Data Leak,IDS,74,Resolved
INC-00667,2025-06-02T13:14:07,Unauthorized Access,IDS,102,Resolved
INC-00668,2025-06-08T12:40:52,Data Leak,Antivirus,95,Resolved
INC-00669,2025-06-09T07:54:26,Data Leak,Antivirus,154,In Progress
INC-00670,2025-06-09T23:42:14,Malware Infection,System Logs,109,In Progress
INC-00671,2025-06-14T14:59:07,Malware Infection,IDS,86,Resolved
INC-00672,2025-06-06T06:40:50,Data Leak,Antivirus,87,In Progress
INC-00673,2025-06-04T01:13:57,Unauthorized Access,Human,112,In Progress
INC-00674,2025-06-08T10:18:46,DDoS Attempt,Human,60,Resolved
INC-00675,2025-06-13T12:02:20,DDoS Attempt,Antivirus,118,Resolved
INC-00676,2025-06-20T03:57:13,Phishing,Antivirus,200,Resolved
INC-00677,2025-06-22T14:36:53,Malware Infection,System Logs,24,Resolved
INC-00678,2025-06-16T00:35:07,Phishing,System Logs,102,Resolved
INC-00679,2025-06-18T16:18:53,Malware Infection,Antivirus,152,In Progress
INC-00680,2025-06-09T04:05:00,Phishing,Antivirus,93,Not Started
INC-00681,2025-06-22T02:01:41,Policy Violation,System Logs,5,Resolved
INC-00682,2025-06-10T17:17:35,Malware Infection,IDS,128,Not Started
INC-00683,2025-06-16T16:41:50,DDoS Attempt,IDS,95,In Progress
INC-00684,2025-06-10T02:37:39,Malware Infection,Human,144,In Progress
INC-00685,2025-06-17T11:22:40,Unauthorized Access,IDS,153,In Progress
INC-00686,2025-06-13T20:12:57,Data Leak,System Logs,50,Resolved
INC-00687,2025-06-12T00:19:39,Policy Violation,System Logs,85,In Progress
INC-00688,2025-06-08T20:12:35,Phishing,IDS,69,Resolved
INC-00689,2025-06-20T04:18:00,Phishing,Human,30,In Progress
INC-00690,2025-06-07T15:30:13,Unauthorized Access,Human,133,Resolved
INC-00691,2025-06-15T21:54:34,Unauthorized Access,IDS,73,Resolved
INC-00692,2025-06-02T11:52:45,Policy Violation,Antivirus,15,In Progress
INC-00693,2025-06-01T21:39:54,Data Leak,IDS,50,In Progress
INC-00694,2025-06-08T12:19:00,Malware Infection,Antivirus,129,In Progress
INC-00695,2025-06-09T12:47:19,Malware Infection,Human,9,In Progress
INC-00696,2025-06-16T09:17:35,Malware Infection,Human,52,Resolved
INC-00697,2025-06-05T12:54:50,Unauthorized Access,IDS,137,Not Started
INC-00698,2025-06-16T09:26:42,Policy Violation,Antivirus,83,Resolved
INC-00699,2025-06-20T22:22:07,Data Leak,Antivirus,19,In Progress
INC-00700,2025-06-09T21:19:44,Malware Infection,Human,85,Resolved
INC-00701,2025-06-19T14:05:12,Malware Infection,System Logs,113,Resolved
INC-00702,2025-06-21T04:23:53,Unauthorized Access,System Logs,105,Resolved
INC-00703,2025-06-08T12:44:59,Malware Infection,Antivirus,64,Resolved
INC-00704,2025-06-10T09:56:46,Unauthorized Access,IDS,47,Resolved
INC-00705,2025-06-13T02:55:02,Unauthorized Access,System Logs,25,Resolved
INC-00706,2025-06-10T10:30:52,DDoS Attempt,Human,85,Resolved
INC-00707,2025-06-22T21:18:08,Data Leak,Antivirus,216,In Progress
INC-00708,2025-06-15T21:10:04,Phishing,System Logs,51,Resolved
INC-00709,2025-06-05T13:54:14,DDoS Attempt,System Logs,72,In Progress
INC-00710,2025-06-17T16:34:27,Data Leak,Antivirus,80,In Progress
INC-00711,2025-06-17T09:24:50,Policy Violation,Human,18,Resolved
INC-00712,2025-06-20T15:08:02,Phishing,Antivirus,209,Not Started
INC-00713,2025-06-16T14:42:20,Policy Violation,Human,95,In Progress
INC-00714,2025-06-17T15:31:29,Malware Infection,IDS,106,Resolved
INC-00715,2025-06-10T06:15:12,Policy Violation,IDS,70,Resolved
INC-00716,2025-06-18T03:38:53,Unauthorized Access,IDS,94,Resolved
INC-00717,2025-06-06T10:58:07,Policy Violation,Antivirus,132,Resolved
INC-00718,2025-06-06T01:28:17,DDoS Attempt,System Logs,38,In Progress
INC-00719,2025-06-04T23:47:04,Data Leak,Human,166,In Progress
INC-00720,2025-06-13T21:43:46,Unauthorized Access,Human,14,In Progress
INC-00721,2025-06-01T16:16:47,DDoS Attempt,System Logs,71,Resolved
INC-00722,2025-06-05T20:36:35,Data Leak,Human,34,Resolved
INC-00723,2025-06-01T06:47:49,DDoS Attempt,IDS,107,Resolved
INC-00724,2025-06-19T22:24:39,Policy Violation,Antivirus,75,In Progress
INC-00725,2025-06-05T08:24:40,DDoS Attempt,IDS,5,Resolved
INC-00726,2025-06-05T01:35:56,Policy Violation,Antivirus,44,Resolved
INC-00727,2025-06-22T16:28:06,Unauthorized Access,Human,95,Resolved
INC-00728,2025-06-22T05:09:42,Malware Infection,System Logs,71,In Progress
INC-00729,2025-06-02T00:32:00,Phishing,Antivirus,45,In Progress
INC-00730,2025-06-09T18:13:35,Policy Violation,Human,98,Resolved
INC-00731,2025-06-13T00:39:02,Phishing,Antivirus,18,In Progress
INC-00732,2025-06-14T21:45:39,Policy Violation,Antivirus,140,Resolved
INC-00733,2025-06-16T12:04:19,Phishing,System Logs,35,Resolved
INC-00734,2025-06-18T18:42:01,Malware Infection,Human,136,Resolved
INC-00735,2025-06-09T02:48:20,DDoS Attempt,Antivirus,107,Resolved
INC-00736,2025-06-17T00:11:03,Policy Violation,System Logs,141,Resolved
INC-00737,2025-06-11T03:23:31,Phishing,Human,102,In Progress
INC-00738,2025-06-15T20:42:47,Malware Infection,System Logs,41,Resolved
INC-00739,2025-06-12T03:06:57,Data Leak,Human,26,In Progress
INC-00740,2025-06-10T00:13:16,Unauthorized Access,IDS,100,In Progress
INC-00741,2025-06-18T06:04:37,Phishing,IDS,10,Resolved
INC-00742,2025-06-16T20:47:13,Unauthorized Access,System Logs,37,In Progress
INC-00743,2025-06-22T01:47:53,Phishing,Antivirus,91,Resolved
INC-00744,2025-06-14T22:38:44,Malware Infection,Antivirus,157,Resolved
INC-00745,2025-06-09T16:12:26,Unauthorized Access,Antivirus,34,Resolved
INC-00746,2025-06-22T18:35:08,Unauthorized Access,IDS,149,Resolved
INC-00747,2025-06-14T04:30:35,Unauthorized Access,Antivirus,41,Resolved
INC-00748,2025-06-19T00:31:26,DDoS Attempt,IDS,47,Resolved
INC-00749,2025-06-19T23:11:44,Malware Infection,IDS,101,Resolved
INC-00750,2025-06-16T11:56:42,Unauthorized Access,System Logs,109,Resolved
INC-00751,2025-06-14T14:11:11,Data Leak,System Logs,24,Resolved
INC-00752,2025-06-14T18:10:05,DDoS Attempt,IDS,21,In Progress
INC-00753,2025-06-13T12:05:05,Unauthorized Access,Antivirus,115,Resolved
INC-00754,2025-06-19T18:57:10,Phishing,System Logs,94,Resolved
INC-00755,2025-06-19T20:21:17,DDoS Attempt,System Logs,70,Resolved
INC-00756,2025-06-16T17:47:26,Policy Violation,System Logs,86,Resolved
INC-00757,2025-06-01T00:46:24,Policy Violation,IDS,52,Resolved
INC-00758,2025-06-13T07:49:34,Phishing,System Logs,93,In Progress
INC-00759,2025-06-03T03:09:29,Unauthorized Access,Human,117,In Progress
INC-00760,2025-06-16T02:07:59,Data Leak,System Logs,121,Not Started
INC-00761,2025-06-11T11:43:40,Data Leak,System Logs,92,Resolved
INC-00762,2025-06-06T12:34:06,Policy Violation,IDS,95,In Progress
INC-00763,2025-06-06T08:30:36,Malware Infection,System Logs,93,Resolved
INC-00764,2025-06-20T14:18:35,Unauthorized Access,Antivirus,137,Resolved
INC-00765,2025-06-11T01:48:51,Unauthorized Access,Antivirus,97,Resolved
INC-00766,2025-06-21T17:38:03,Phishing,Antivirus,107,Resolved
INC-00767,2025-06-19T12:20:34,Policy Violation,Human,60,Resolved
INC-00768,2025-06-18T01:36:02,Malware Infection,IDS,76,Resolved
INC-00769,2025-06-09T01:05:21,Data Leak,System Logs,87,In Progress
INC-00770,2025-06-19T12:14:25,Malware Infection,System Logs,62,In Progress
INC-00771,2025-06-18T07:33:01,Phishing,Human,103,Resolved
INC-00772,2025-06-09T21:19:48,Unauthorized Access,System Logs,88,Resolved
INC-00773,2025-06-22T14:08:52,Policy Violation,IDS,126,Resolved
INC-00774,2025-06-22T03:43:40,Malware Infection,Antivirus,72,In Progress
INC-00775,2025-06-07T23:36:17,DDoS Attempt,IDS,103,Resolved
INC-00776,2025-06-04T03:17:03,Phishing,Antivirus,152,In Progress
INC-00777,2025-06-03T14:35:11,Policy Violation,Human,56,In Progress
INC-00778,2025-06-14T07:06:17,Phishing,Human,181,In Progress
INC-00779,2025-06-20T18:46:14,Malware Infection,System Logs,123,Resolved
INC-00780,2025-06-06T04:24:58,DDoS Attempt,System Logs,117,In Progress
INC-00781,2025-06-02T00:19:09,Malware Infection,System Logs,132,In Progress
INC-00782,2025-06-15T06:49:40,Data Leak,IDS,148,Resolved
INC-00783,2025-06-21T07:14:08,Phishing,Antivirus,52,Resolved
INC-00784,2025-06-03T07:06:26,DDoS Attempt,Human,53,Resolved
INC-00785,2025-06-19T14:41:29,DDoS Attempt,Antivirus,169,Resolved
INC-00786,2025-06-20T06:31:30,Malware Infection,Antivirus,38,In Progress
INC-00787,2025-06-04T13:46:56,DDoS Attempt,Human,162,In Progress
INC-00788,2025-06-12T15:46:59,Unauthorized Access,Human,161,In Progress
INC-00789,2025-06-14T15:12:46,Data Leak,Antivirus,82,In Progress
INC-00790,2025-06-13T11:20:52,Unauthorized Access,Human,113,In Progress
INC-00791,2025-06-21T23:26:20,Unauthorized Access,Antivirus,173,In Progress
INC-00792,2025-06-13T19:44:21,Data Leak,IDS,70,Resolved
INC-00793,2025-06-02T19:10:22,Unauthorized Access,Human,100,In Progress
INC-00794,2025-06-05T23:21:43,Malware Infection,IDS,60,Resolved
INC-00795,2025-06-14T23:54:52,DDoS Attempt,IDS,5,Resolved
INC-00796,2025-06-15T22:58:18,Unauthorized Access,Antivirus,118,Not Started
INC-00797,2025-06-09T11:24:56,DDoS Attempt,System Logs,87,Resolved
INC-00798,2025-06-11T20:39:37,DDoS Attempt,Human,111,Resolved
INC-00799,2025-06-05T06:54:31,DDoS Attempt,IDS,89,In Progress
INC-00800,2025-06-22T01:34:29,Data Leak,Antivirus,15,Resolved
INC-00801,2025-06-05T14:59:55,Malware Infection,System Logs,116,In Progress
INC-00802,2025-06-04T04:22:44,Phishing,Antivirus,150,Resolved
INC-00803,2025-06-08T22:22:48,DDoS Attempt,IDS,34,Resolved
INC-00804,2025-06-08T10:29:04,Data Leak,Antivirus,5,Resolved
INC-00805,2025-06-03T09:23:20,Phishing,Antivirus,111,Resolved
INC-00806,2025-06-19T02:31:55,Unauthorized Access,IDS,158,Resolved
INC-00807,2025-06-17T17:01:19,Policy Violation,System Logs,121,Resolved
INC-00808,2025-06-15T02:55:50,Policy Violation,Antivirus,36,In Progress
INC-00809,2025-06-12T14:30:11,Policy Violation,Human,52,Resolved
INC-00810,2025-06-14T23:15:05,DDoS Attempt,System Logs,125,Resolved
INC-00811,2025-06-13T11:50:56,Malware Infection,Antivirus,102,In Progress
INC-00812,2025-06-17T18:53:03,Phishing,Human,25,Resolved
INC-00813,2025-06-22T19:00:14,DDoS Attempt,Antivirus,108,Resolved
INC-00814,2025-06-17T21:10:34,DDoS Attempt,Antivirus,56,In Progress
INC-00815,2025-06-06T07:45:19,Data Leak,IDS,73,In Progress
INC-00816,2025-06-17T04:47:01,Unauthorized Access,Antivirus,88,Resolved
INC-00817,2025-06-21T18:05:21,Data Leak,IDS,49,In Progress
INC-00818,2025-06-20T10:06:37,DDoS Attempt,Antivirus,102,In Progress
INC-00819,2025-06-09T07:13:12,Data Leak,Antivirus,14,Resolved
INC-00820,2025-06-22T09:17:24,DDoS Attempt,Antivirus,159,In Progress
INC-00821,2025-06-03T21:30:37,DDoS Attempt,System Logs,53,In Progress
INC-00822,2025-06-05T15:11:51,Data Leak,IDS,108,Resolved
INC-00823,2025-06-14T12:35:30,Phishing,IDS,84,Not Started
INC-00824,2025-06-09T07:19:22,Data Leak,Antivirus,109,Resolved
INC-00825,2025-06-17T02:15:40,Phishing,Antivirus,107,Resolved
INC-00826,2025-06-11T01:24:05,Phishing,Human,34,In Progress
INC-00827,2025-06-20T19:29:20,Phishing,Human,170,Not Started
INC-00828,2025-06-04T22:50:53,Unauthorized Access,Antivirus,125,Resolved
INC-00829,2025-06-10T02:34:34,DDoS Attempt,Antivirus,88,Resolved
INC-00830,2025-06-04T15:51:37,Unauthorized Access,Antivirus,45,Resolved
INC-00831,2025-06-04T03:40:16,Policy Violation,IDS,137,Resolved
INC-00832,2025-06-02T19:55:49,Policy Violation,Antivirus,128,Resolved
INC-00833,2025-06-10T06:38:49,Policy Violation,Antivirus,19,Resolved
INC-00834,2025-06-04T07:03:00,Policy Violation,Antivirus,144,Resolved
INC-00835,2025-06-11T12:05:18,Phishing,System Logs,88,In Progress
INC-00836,2025-06-22T00:51:55,Policy Violation,Human,101,In Progress
INC-00837,2025-06-08T13:48:20,Phishing,IDS,46,Resolved
INC-00838,2025-06-10T05:15:10,Policy Violation,IDS,5,In Progress
INC-00839,2025-06-16T23:50:05,Phishing,Antivirus,96,In Progress
INC-00840,2025-06-13T04:43:09,DDoS Attempt,Antivirus,29,Resolved
INC-00841,2025-06-01T17:54:35,Data Leak,IDS,79,Resolved
INC-00842,2025-06-16T14:57:39,DDoS Attempt,Antivirus,5,Resolved
INC-00843,2025-06-05T21:24:06,Unauthorized Access,Human,98,Resolved
INC-00844,2025-06-05T10:33:59,DDoS Attempt,Antivirus,89,Not Started
INC-00845,2025-06-16T11:15:35,Malware Infection,IDS,41,In Progress
INC-00846,2025-06-01T03:12:36,Malware Infection,Human,115,Resolved
INC-00847,2025-06-09T20:03:45,Policy Violation,Human,85,In Progress
INC-00848,2025-06-08T04:01:12,DDoS Attempt,Human,61,Resolved
INC-00849,2025-06-21T17:13:00,Policy Violation,System Logs,115,In Progress
INC-00850,2025-06-21T16:45:28,DDoS Attempt,Human,66,Resolved
INC-00851,2025-06-03T07:24:20,Malware Infection,Antivirus,84,Resolved
INC-00852,2025-06-02T13:00:09,Unauthorized Access,Antivirus,152,Resolved
INC-00853,2025-06-09T17:48:56,Phishing,Antivirus,59,Resolved
INC-00854,2025-06-19T22:49:49,Policy Violation,System Logs,142,In Progress
INC-00855,2025-06-05T20:21:05,Data Leak,Antivirus,61,Resolved
INC-00856,2025-06-04T16:26:58,Phishing,System Logs,85,Resolved
INC-00857,2025-06-03T11:48:11,DDoS Attempt,Human,42,In Progress
INC-00858,2025-06-07T04:10:30,Phishing,Antivirus,90,Resolved
INC-00859,2025-06-11T22:29:08,DDoS Attempt,IDS,116,Resolved
INC-00860,2025-06-02T12:55:32,Phishing,System Logs,151,Resolved
INC-00861,2025-06-09T10:46:20,Policy Violation,Human,167,Resolved
INC-00862,2025-06-20T08:41:25,Phishing,IDS,86,Resolved
INC-00863,2025-06-07T21:19:20,Phishing,Human,65,Resolved
INC-00864,2025-06-12T03:59:51,Malware Infection,Antivirus,29,Resolved
INC-00865,2025-06-02T20:46:22,Unauthorized Access,System Logs,84,Resolved
INC-00866,2025-06-21T12:17:54,Unauthorized Access,Antivirus,76,Resolved
INC-00867,2025-06-10T18:40:36,Policy Violation,Human,55,Resolved
INC-00868,2025-06-05T08:57:21,DDoS Attempt,IDS,128,In Progress
INC-00869,2025-06-14T21:37:14,Policy Violation,Human,78,Resolved
INC-00870,2025-06-06T21:03:11,Unauthorized Access,IDS,48,Resolved
INC-00871,2025-06-21T14:23:40,DDoS Attempt,IDS,118,In Progress
INC-00872,2025-06-20T09:02:01,Unauthorized Access,IDS,148,Resolved
INC-00873,2025-06-20T08:29:54,Phishing,IDS,150,In Progress
INC-00874,2025-06-18T11:43:13,Phishing,IDS,90,Resolved
INC-00875,2025-06-19T19:13:08,Policy Violation,IDS,157,In Progress
INC-00876,2025-06-10T06:58:58,DDoS Attempt,System Logs,87,Resolved
INC-00877,2025-06-03T18:41:05,DDoS Attempt,System Logs,76,Not Started
INC-00878,2025-06-08T03:26:32,Data Leak,System Logs,52,In Progress
INC-00879,2025-06-02T08:16:50,Policy Violation,Human,157,Resolved
INC-00880,2025-06-11T15:20:29,Policy Violation,System Logs,33,Resolved
INC-00881,2025-06-22T16:27:42,Malware Infection,IDS,121,Resolved
INC-00882,2025-06-09T05:44:04,Malware Infection,IDS,131,In Progress
INC-00883,2025-06-08T15:43:39,DDoS Attempt,Antivirus,74,Resolved
INC-00884,2025-06-03T18:57:26,Phishing,Antivirus,155,Resolved
INC-00885,2025-06-14T00:15:58,DDoS Attempt,IDS,104,Resolved
INC-00886,2025-06-22T23:52:24,Malware Infection,System Logs,110,Not Started
INC-00887,2025-06-02T23:21:48,DDoS Attempt,Human,5,Resolved
INC-00888,2025-06-07T02:43:12,Phishing,Antivirus,148,In Progress
INC-00889,2025-06-16T12:10:13,Malware Infection,Antivirus,69,Resolved
INC-00890,2025-06-16T01:16:51,Policy Violation,Antivirus,121,In Progress
INC-00891,2025-06-09T23:06:18,Data Leak,IDS,49,Resolved
INC-00892,2025-06-09T23:59:24,Phishing,System Logs,137,In Progress
INC-00893,2025-06-01T23:16:50,DDoS Attempt,Human,80,In Progress
INC-00894,2025-06-20T12:43:23,Malware Infection,Human,138,Resolved
INC-00895,2025-06-08T08:56:37,Phishing,IDS,74,Resolved
INC-00896,2025-06-12T00:39:54,Data Leak,Antivirus,17,Resolved
INC-00897,2025-06-15T20:05:55,Malware Infection,System Logs,110,Resolved
INC-00898,2025-06-06T04:07:54,Data Leak,Antivirus,5,Resolved
INC-00899,2025-06-07T02:47:50,Unauthorized Access,IDS,85,In Progress
INC-00900,2025-06-08T10:17:44,Data Leak,IDS,65,In Progress
INC-00901,2025-06-22T22:27:47,Unauthorized Access,Antivirus,30,In Progress
INC-00902,2025-06-02T05:33:59,Policy Violation,Antivirus,132,Resolved
INC-00903,2025-06-12T05:07:51,Policy Violation,IDS,58,In Progress
INC-00904,2025-06-04T19:44:02,Policy Violation,System Logs,152,Resolved
INC-00905,2025-06-12T08:36:55,Malware Infection,Human,127,Resolved
INC-00906,2025-06-04T21:45:54,Policy Violation,IDS,90,In Progress
INC-00907,2025-06-16T12:01:47,Data Leak,Human,117,Resolved
INC-00908,2025-06-09T21:31:49,Data Leak,IDS,70,In Progress
INC-00909,2025-06-21T17:23:17,Policy Violation,System Logs,140,Resolved
INC-00910,2025-06-11T22:04:13,Unauthorized Access,Human,112,Resolved
INC-00911,2025-06-07T03:47:25,Phishing,IDS,57,Resolved
INC-00912,2025-06-18T14:26:08,Malware Infection,System Logs,84,Resolved
INC-00913,2025-06-19T01:25:29,Data Leak,Human,84,In Progress
INC-00914,2025-06-22T03:19:46,Malware Infection,System Logs,29,Resolved
INC-00915,2025-06-04T05:14:02,Data Leak,System Logs,16,In Progress
INC-00916,2025-06-22T16:06:51,Unauthorized Access,Human,148,Resolved
INC-00917,2025-06-19T23:49:03,Phishing,System Logs,122,In Progress
INC-00918,2025-06-07T19:37:34,DDoS Attempt,System Logs,142,Resolved
INC-00919,2025-06-12T23:03:45,Data Leak,IDS,64,Resolved
INC-00920,2025-06-08T09:13:27,Malware Infection,Human,104,Not Started
INC-00921,2025-06-16T02:22:36,Data Leak,Human,108,In Progress
INC-00922,2025-06-20T14:31:52,Phishing,IDS,26,Resolved
INC-00923,2025-06-06T01:48:14,Phishing,Antivirus,118,Resolved
INC-00924,2025-06-16T04:55:32,DDoS Attempt,Human,131,In Progress
INC-00925,2025-06-07T07:46:44,Policy Violation,Human,72,In Progress
INC-00926,2025-06-21T10:31:30,DDoS Attempt,Antivirus,92,In Progress
INC-00927,2025-06-04T20:09:17,Malware Infection,System Logs,58,Resolved
INC-00928,2025-06-21T16:51:08,Phishing,Human,177,Resolved
INC-00929,2025-06-14T14:49:33,Unauthorized Access,System Logs,110,Resolved
INC-00930,2025-06-20T07:44:17,Malware Infection,Antivirus,77,Resolved
INC-00931,2025-06-15T17:55:28,DDoS Attempt,IDS,140,Resolved
INC-00932,2025-06-07T13:42:19,Malware Infection,IDS,36,Resolved
INC-00933,2025-06-12T13:38:01,Data Leak,System Logs,23,In Progress
INC-00934,2025-06-13T03:16:09,DDoS Attempt,Human,52,In Progress
INC-00935,2025-06-13T21:12:38,DDoS Attempt,Antivirus,87,Resolved
INC-00936,2025-06-05T10:07:51,Policy Violation,Human,156,Resolved
INC-00937,2025-06-08T23:56:51,Data Leak,System Logs,95,In Progress
INC-00938,2025-06-19T19:51:57,Data Leak,Antivirus,106,Resolved
INC-00939,2025-06-17T19:29:33,Policy Violation,System Logs,89,Resolved
INC-00940,2025-06-01T23:05:10,Unauthorized Access,IDS,61,Resolved
INC-00941,2025-06-01T08:20:24,Unauthorized Access,Antivirus,93,In Progress
INC-00942,2025-06-22T09:18:39,Phishing,Antivirus,56,Resolved
INC-00943,2025-06-06T06:24:11,Unauthorized Access,Human,63,In Progress
INC-00944,2025-06-14T19:21:24,Policy Violation,System Logs,144,In Progress
INC-00945,2025-06-01T19:45:50,Malware Infection,System Logs,100,Resolved
INC-00946,2025-06-09T20:55:42,Data Leak,System Logs,77,Resolved
INC-00947,2025-06-10T01:22:40,Data Leak,IDS,129,In Progress
INC-00948,2025-06-19T00:31:53,Malware Infection,Antivirus,27,Resolved
INC-00949,2025-06-15T05:48:08,Phishing,System Logs,66,In Progress
INC-00950,2025-06-04T13:26:55,Phishing,Antivirus,79,In Progress
INC-00951,2025-06-05T07:21:47,Policy Violation,Antivirus,45,In Progress
INC-00952,2025-06-04T06:10:27,Malware Infection,Antivirus,90,Not Started
INC-00953,2025-06-06T23:04:56,Data Leak,System Logs,69,Resolved
INC-00954,2025-06-03T22:35:20,Phishing,Human,116,In Progress
INC-00955,2025-06-17T08:08:11,Phishing,System Logs,26,Resolved
INC-00956,2025-06-12T17:52:16,Unauthorized Access,IDS,87,Resolved
INC-00957,2025-06-03T20:54:24,Data Leak,System Logs,125,Resolved
INC-00958,2025-06-02T03:27:35,DDoS Attempt,Antivirus,151,Resolved
INC-00959,2025-06-20T04:29:30,Phishing,Antivirus,147,Resolved
INC-00960,2025-06-17T09:05:05,Unauthorized Access,Human,116,Resolved
INC-00961,2025-06-02T07:11:58,DDoS Attempt,System Logs,45,Resolved
INC-00962,2025-06-07T04:05:21,Data Leak,System Logs,59,Resolved
INC-00963,2025-06-03T10:00:09,Unauthorized Access,IDS,163,Resolved
INC-00964,2025-06-10T08:55:42,Data Leak,IDS,7,Resolved
INC-00965,2025-06-14T07:22:55,Data Leak,System Logs,84,Resolved
INC-00966,2025-06-10T21:21:06,Phishing,IDS,89,Resolved
INC-00967,2025-06-12T13:26:49,Data Leak,System Logs,101,Resolved
INC-00968,2025-06-10T13:48:58,Data Leak,Antivirus,137,In Progress
INC-00969,2025-06-05T19:26:35,DDoS Attempt,Antivirus,112,Resolved
INC-00970,2025-06-16T08:28:09,Phishing,IDS,50,Resolved
INC-00971,2025-06-01T19:55:54,DDoS Attempt,Human,150,Not Started
INC-00972,2025-06-17T08:31:23,Phishing,Antivirus,152,In Progress
INC-00973,2025-06-06T11:07:30,Unauthorized Access,IDS,39,Resolved
INC-00974,2025-06-06T03:49:21,Unauthorized Access,IDS,136,Resolved
INC-00975,2025-06-03T13:36:04,Malware Infection,System Logs,42,Resolved
INC-00976,2025-06-02T01:11:18,DDoS Attempt,IDS,85,In Progress
INC-00977,2025-06-14T19:36:55,DDoS Attempt,IDS,133,Resolved
INC-00978,2025-06-07T02:51:53,Data Leak,IDS,193,Resolved
INC-00979,2025-06-18T18:33:24,Policy Violation,Human,80,Resolved
INC-00980,2025-06-20T21:44:00,Unauthorized Access,Human,170,Resolved
INC-00981,2025-06-06T17:58:01,Malware Infection,Antivirus,58,Resolved
INC-00982,2025-06-11T08:12:46,Malware Infection,Antivirus,128,Resolved
INC-00983,2025-06-05T04:53:51,Phishing,Antivirus,112,In Progress
INC-00984,2025-06-01T18:06:38,Phishing,System Logs,83,Resolved
INC-00985,2025-06-12T18:27:45,Unauthorized Access,Antivirus,16,In Progress
INC-00986,2025-06-05T03:23:14,DDoS Attempt,Human,177,Resolved
INC-00987,2025-06-19T19:10:01,Policy Violation,Antivirus,46,Resolved
INC-00988,2025-06-01T01:02:33,Unauthorized Access,Antivirus,85,In Progress
INC-00989,2025-06-17T23:56:22,Data Leak,IDS,111,Resolved
INC-00990,2025-06-10T09:14:52,Unauthorized Access,Human,112,In Progress
INC-00991,2025-06-09T05:45:06,Data Leak,Antivirus,136,Resolved
INC-00992,2025-06-22T15:51:04,Malware Infection,System Logs,147,Resolved
INC-00993,2025-06-21T19:48:22,Phishing,IDS,132,Resolved
INC-00994,2025-06-16T15:03:28,Unauthorized Access,Antivirus,169,In Progress
INC-00995,2025-06-11T03:36:09,Unauthorized Access,IDS,101,In Progress
INC-00996,2025-06-08T06:28:02,DDoS Attempt,System Logs,5,Resolved
INC-00997,2025-06-11T18:05:40,DDoS Attempt,System Logs,65,Resolved
INC-00998,2025-06-18T13:28:26,Policy Violation,IDS,38,Resolved
INC-00999,2025-06-05T23:35:47,Malware Infection,Human,48,Resolved
INC-01000,2025-06-22T14:49:36,Unauthorized Access,Human,97,Resolved
